<?xml version="1.0" encoding="UTF-8"?>

<portlet-app id="portlet_jp_ReadOnlyException_web"
xmlns="http://java.sun.com/xml/ns/portlet/portlet-app_1_0.xsd" version="1.0"
xmlns:xsi="http://www.w3.org/2001/XMLSchema-instance"
xsi:schemaLocation="http://java.sun.com/xml/ns/portlet/portlet-app_1_0.xsd http://java.sun.com/xml/ns/portlet/portlet-app_1_0.xsd">





    <!-- *************************************************************** -->
    <!-- *                                                             * -->
    <!-- * Portlet Application specific                                * -->
    <!-- *                                                             * -->
    <!-- *************************************************************** -->
    
    
    
    <!-- *************************************************************** -->
    <!-- *                                                             * -->
    <!-- * Portlet:ReadOnlyExceptionCtr1TestPortlet  		       * -->
    <!-- *                                                             * -->
    <!-- *************************************************************** -->
  	<portlet>
    	<portlet-name>ReadOnlyExceptionCtr1TestPortlet</portlet-name>
    	<portlet-class>com.sun.ts.tests.portlet.api.javax_portlet.ReadOnlyException.ReadOnlyExceptionCtr1TestPortlet</portlet-class>
        <expiration-cache>0</expiration-cache>
       <supports>
         <mime-type>text/html</mime-type>
       </supports>
        <portlet-info>
                <title>ReadOnlyExceptionCtr1TestPortlet</title>
                <short-title>ReadOnlyExceptionCtr1TestPortlet</short-title>
        </portlet-info>
  	</portlet>

    <!-- *************************************************************** -->
    <!-- *                                                             * -->
    <!-- * Portlet:ReadOnlyExceptionCtr2TestPortlet  		       * -->
    <!-- *                                                             * -->
    <!-- *************************************************************** -->
  	<portlet>
    	<portlet-name>ReadOnlyExceptionCtr2TestPortlet</portlet-name>
    	<portlet-class>com.sun.ts.tests.portlet.api.javax_portlet.ReadOnlyException.ReadOnlyExceptionCtr2TestPortlet</portlet-class>
        <expiration-cache>0</expiration-cache>
       <supports>
         <mime-type>text/html</mime-type>
       </supports>
        <portlet-info>
                <title>ReadOnlyExceptionCtr2TestPortlet</title>
                <short-title>ReadOnlyExceptionCtr2TestPortlet</short-title>
        </portlet-info>
  	</portlet>

    <!-- *************************************************************** -->
    <!-- *                                                             * -->
    <!-- * Portlet:ReadOnlyExceptionCtr3TestPortlet  		       * -->
    <!-- *                                                             * -->
    <!-- *************************************************************** -->
  	<portlet>
    	<portlet-name>ReadOnlyExceptionCtr3TestPortlet</portlet-name>
    	<portlet-class>com.sun.ts.tests.portlet.api.javax_portlet.ReadOnlyException.ReadOnlyExceptionCtr3TestPortlet</portlet-class>
        <expiration-cache>0</expiration-cache>
       <supports>
         <mime-type>text/html</mime-type>
       </supports>
        <portlet-info>
                <title>ReadOnlyExceptionCtr3TestPortlet</title>
                <short-title>ReadOnlyExceptionCtr3TestPortlet</short-title>
        </portlet-info>
  	</portlet>

</portlet-app>
