<?xml version="1.0" encoding="UTF-8"?>

<portlet-app id="portlet_jp_GenericPortlet_web"
xmlns="http://java.sun.com/xml/ns/portlet/portlet-app_2_0.xsd" version="2.0"
xmlns:xsi="http://www.w3.org/2001/XMLSchema-instance"
xsi:schemaLocation="http://java.sun.com/xml/ns/portlet/portlet-app_2_0.xsd http://java.sun.com/xml/ns/portlet/portlet-app_2_0.xsd">




    <!-- *************************************************************** -->
    <!-- *                                                             * -->
    <!-- * Portlet Application specific                                * -->
    <!-- *                                                             * -->
    <!-- *************************************************************** -->
    
    
    
    <!-- *************************************************************** -->
    <!-- *                                                             * -->
    <!-- * Portlet: RefreshPortlet                                     * -->
    <!-- *                                                             * -->
    <!-- *************************************************************** -->
    <portlet>
        <portlet-name>RefreshPortlet</portlet-name>
        <portlet-class>com.sun.ts.tests.portlet.common.portlet.RefreshPortlet</portlet-class>
        <expiration-cache>0</expiration-cache>
       <supports>
         <mime-type>text/html</mime-type>
       </supports>
        <portlet-info>
                <title>RefreshPortlet</title>
                <short-title>RefreshPortlet</short-title>
        </portlet-info>
    </portlet>

    <!-- *************************************************************** -->
    <!-- *                                                             * -->
    <!-- * Portlet: DoEditTestPortlet                                  * -->
    <!-- *                                                             * -->
    <!-- *************************************************************** -->
    <portlet>
        <portlet-name>DoEditTestPortlet</portlet-name>
        <portlet-class>com.sun.ts.tests.portlet.api.javax_portlet.GenericPortlet.DoEditTestPortlet</portlet-class>
        <expiration-cache>0</expiration-cache>
       <supports>
         <mime-type>text/html</mime-type>
         <portlet-mode>EDIT</portlet-mode>
       </supports>
        <portlet-info>
                <title>DoEditTestPortlet</title>
                <short-title>DoEditTestPortlet</short-title>
        </portlet-info>
    </portlet>
    <!-- *************************************************************** -->
    <!-- *                                                             * -->
    <!-- * Portlet: AnnotatedDoEditTestPortlet                         * -->
    <!-- *                                                             * -->
    <!-- *************************************************************** -->
    <portlet>
        <portlet-name>AnnotatedDoEditTestPortlet</portlet-name>
        <portlet-class>com.sun.ts.tests.portlet.api.javax_portlet.GenericPortlet.AnnotatedDoEditTestPortlet</portlet-class>
        <expiration-cache>0</expiration-cache>
       <supports>
         <mime-type>text/html</mime-type>
         <portlet-mode>EDIT</portlet-mode>
       </supports>
        <portlet-info>
                <title>AnnotatedDoEditTestPortlet</title>
                <short-title>AnnotatedDoEditTestPortlet</short-title>
        </portlet-info>
    </portlet>

    <!-- *************************************************************** -->
    <!-- *                                                             * -->
    <!-- * Portlet: DoHelpTestPortlet                                  * -->
    <!-- *                                                             * -->
    <!-- *************************************************************** -->
    <portlet>
        <portlet-name>DoHelpTestPortlet</portlet-name>
        <portlet-class>com.sun.ts.tests.portlet.api.javax_portlet.GenericPortlet.DoHelpTestPortlet</portlet-class>
        <expiration-cache>0</expiration-cache>
       <supports>
         <mime-type>text/html</mime-type>
         <portlet-mode>HELP</portlet-mode>
       </supports>
        <portlet-info>
                <title>DoHelpTestPortlet</title>
                <short-title>DoHelpTestPortlet</short-title>
        </portlet-info>
    </portlet>
    
    <!-- *************************************************************** -->
    <!-- *                                                             * -->
    <!-- * Portlet: AnnotatedDoHelpTestPortlet                         * -->
    <!-- *                                                             * -->
    <!-- *************************************************************** -->
    <portlet>
        <portlet-name>AnnotatedDoHelpTestPortlet</portlet-name>
        <portlet-class>com.sun.ts.tests.portlet.api.javax_portlet.GenericPortlet.AnnotatedDoHelpTestPortlet</portlet-class>
        <expiration-cache>0</expiration-cache>
       <supports>
         <mime-type>text/html</mime-type>
         <portlet-mode>HELP</portlet-mode>
       </supports>
        <portlet-info>
                <title>AnnotatedDoHelpTestPortlet</title>
                <short-title>AnnotatedDoHelpTestPortlet</short-title>
        </portlet-info>
    </portlet>

    <!-- *************************************************************** -->
    <!-- *                                                             * -->
    <!-- * Portlet: DoViewTestPortlet                                  * -->
    <!-- *                                                             * -->
    <!-- *************************************************************** -->
    <portlet>
        <portlet-name>DoViewTestPortlet</portlet-name>
        <portlet-class>com.sun.ts.tests.portlet.api.javax_portlet.GenericPortlet.DoViewTestPortlet</portlet-class>
        <expiration-cache>0</expiration-cache>
       <supports>
         <mime-type>text/html</mime-type>
       </supports>
        <portlet-info>
                <title>DoViewTestPortlet</title>
                <short-title>DoViewTestPortlet</short-title>
        </portlet-info>
    </portlet>
    
    <!-- *************************************************************** -->
    <!-- *                                                             * -->
    <!-- * Portlet: AnnotatedDoViewTestPortlet                         * -->
    <!-- *                                                             * -->
    <!-- *************************************************************** -->
    <portlet>
        <portlet-name>AnnotatedDoViewTestPortlet</portlet-name>
        <portlet-class>com.sun.ts.tests.portlet.api.javax_portlet.GenericPortlet.AnnotatedDoViewTestPortlet</portlet-class>
        <expiration-cache>0</expiration-cache>
       <supports>
         <mime-type>text/html</mime-type>
       </supports>
        <portlet-info>
                <title>AnnotatedDoViewTestPortlet</title>
                <short-title>AnnotatedDoViewTestPortlet</short-title>
        </portlet-info>
    </portlet>

    <!-- *************************************************************** -->
    <!-- *                                                             * -->
    <!-- * Portlet: GenericPortletTestPortlet                          * -->
    <!-- *                                                             * -->
    <!-- *************************************************************** -->
    <portlet>
        <portlet-name>GenericPortletTestPortlet</portlet-name>
        <portlet-class>com.sun.ts.tests.portlet.api.javax_portlet.GenericPortlet.GenericPortletTestPortlet</portlet-class>
        <expiration-cache>0</expiration-cache>
       <supports>
         <mime-type>text/html</mime-type>
       </supports>
        <portlet-info>
                <title>GenericPortletTestPortlet</title>
                <short-title>GenericPortletTestPortlet</short-title>
        </portlet-info>
    </portlet>

    <!-- *************************************************************** -->
    <!-- *                                                             * -->
    <!-- * Portlet: GetInitParameterIllegalArgumentExceptionTestPortlet * -->
    <!-- *                                                             * -->
    <!-- *************************************************************** -->
    <portlet>
        <portlet-name>GetInitParameterIllegalArgumentExceptionTestPortlet</portlet-name>
        <portlet-class>com.sun.ts.tests.portlet.api.javax_portlet.GenericPortlet.GetInitParameterIllegalArgumentExceptionTestPortlet</portlet-class>
        <expiration-cache>0</expiration-cache>
       <supports>
         <mime-type>text/html</mime-type>
       </supports>
        <portlet-info>
                <title>GetInitParameterIllegalArgumentExceptionTestPortlet</title>
                <short-title>GetInitParameterIllegalArgumentExceptionTestPortlet</short-title>
        </portlet-info>
    </portlet>

    <!-- *************************************************************** -->
    <!-- *                                                             * -->
    <!-- * Portlet: GetInitParameterNamesTestPortlet                   * -->
    <!-- *                                                             * -->
    <!-- *************************************************************** -->
    <portlet>
        <portlet-name>GetInitParameterNamesTestPortlet</portlet-name>
        <portlet-class>com.sun.ts.tests.portlet.api.javax_portlet.GenericPortlet.GetInitParameterNamesTestPortlet</portlet-class>
        <init-param>
            <name>Language</name>
            <value>Java</value>
        </init-param>
        <init-param>
            <name>Product</name>
            <value>Portlet</value>
        </init-param>
        <expiration-cache>0</expiration-cache>
       <supports>
         <mime-type>text/html</mime-type>
       </supports>
        <portlet-info>
                <title>GetInitParameterNamesTestPortlet</title>
                <short-title>GetInitParameterNamesTestPortlet</short-title>
        </portlet-info>
    </portlet>

    <!-- *************************************************************** -->
    <!-- *                                                             * -->
    <!-- * Portlet: GetInitParameterTestPortlet                        * -->
    <!-- *                                                             * -->
    <!-- *************************************************************** -->
    <portlet>
        <portlet-name>GetInitParameterTestPortlet</portlet-name>
        <portlet-class>com.sun.ts.tests.portlet.api.javax_portlet.GenericPortlet.GetInitParameterTestPortlet</portlet-class>
        <init-param>
            <name>Language</name>
            <value>Java</value>
        </init-param>
        <expiration-cache>0</expiration-cache>
       <supports>
         <mime-type>text/html</mime-type>
       </supports>
        <portlet-info>
                <title>GetInitParameterTestPortlet</title>
                <short-title>GetInitParameterTestPortlet</short-title>
        </portlet-info>
    </portlet>

    <!-- *************************************************************** -->
    <!-- *                                                             * -->
    <!-- * Portlet: GetPortletConfigTestPortlet                        * -->
    <!-- *                                                             * -->
    <!-- *************************************************************** -->
    <portlet>
        <portlet-name>GetPortletConfigTestPortlet</portlet-name>
        <portlet-class>com.sun.ts.tests.portlet.api.javax_portlet.GenericPortlet.GetPortletConfigTestPortlet</portlet-class>
        <init-param>
            <name>Language</name>
            <value>Java</value>
        </init-param>
        <expiration-cache>0</expiration-cache>
       <supports>
         <mime-type>text/html</mime-type>
       </supports>
        <portlet-info>
                <title>GetPortletConfigTestPortlet</title>
                <short-title>GetPortletConfigTestPortlet</short-title>
        </portlet-info>
    </portlet>

    <!-- *************************************************************** -->
    <!-- *                                                             * -->
    <!-- * Portlet: GetPortletContextTestPortlet                       * -->
    <!-- *                                                             * -->
    <!-- *************************************************************** -->
    <portlet>
        <portlet-name>GetPortletContextTestPortlet</portlet-name>
        <portlet-class>com.sun.ts.tests.portlet.api.javax_portlet.GenericPortlet.GetPortletContextTestPortlet</portlet-class>
        <expiration-cache>0</expiration-cache>
       <supports>
         <mime-type>text/html</mime-type>
       </supports>
        <portlet-info>
                <title>GetPortletContextTestPortlet</title>
                <short-title>GetPortletContextTestPortlet</short-title>
        </portlet-info>
    </portlet>

    <!-- *************************************************************** -->
    <!-- *                                                             * -->
    <!-- * Portlet: GetPortletNameTestPortlet                          * -->
    <!-- *                                                             * -->
    <!-- *************************************************************** -->
    <portlet>
        <portlet-name>GetPortletNameTestPortlet</portlet-name>
        <portlet-class>com.sun.ts.tests.portlet.api.javax_portlet.GenericPortlet.GetPortletNameTestPortlet</portlet-class>
        <expiration-cache>0</expiration-cache>
       <supports>
         <mime-type>text/html</mime-type>
       </supports>
        <portlet-info>
                <title>GetPortletNameTestPortlet</title>
                <short-title>GetPortletNameTestPortlet</short-title>
        </portlet-info>
    </portlet>

    <!-- *************************************************************** -->
    <!-- *                                                             * -->
    <!-- * Portlet: GetResourceBundleTestPortlet                       * -->
    <!-- *                                                             * -->
    <!-- *************************************************************** -->
    <portlet>
        <portlet-name>GetResourceBundleTestPortlet</portlet-name>
        <portlet-class>com.sun.ts.tests.portlet.api.javax_portlet.GenericPortlet.GetResourceBundleTestPortlet</portlet-class>
        <expiration-cache>0</expiration-cache>
       <supports>
         <mime-type>text/html</mime-type>
       </supports>
        <resource-bundle>GetResourceBundleTest</resource-bundle>
    </portlet>

    <!-- *************************************************************** -->
    <!-- *                                                             * -->
    <!-- * Portlet: GetTitleTestPortlet                                * -->
    <!-- *                                                             * -->
    <!-- *************************************************************** -->
    <portlet>
        <portlet-name>GetTitleTestPortlet</portlet-name>
        <portlet-class>com.sun.ts.tests.portlet.api.javax_portlet.GenericPortlet.GetTitleTestPortlet</portlet-class>
        <expiration-cache>0</expiration-cache>
       <supports>
         <mime-type>text/html</mime-type>
       </supports>
        <portlet-info>
                <title>GetTitleTestPortlet</title>
                <short-title>GetTitleTestPortlet</short-title>
        </portlet-info>
    </portlet>

    <!-- *************************************************************** -->
    <!-- *                                                             * -->
    <!-- * Portlet: InitPortletExceptionTestPortlet                    * -->
    <!-- *                                                             * -->
    <!-- *************************************************************** -->
    <portlet>
        <portlet-name>InitPortletExceptionTestPortlet</portlet-name>
        <portlet-class>com.sun.ts.tests.portlet.api.javax_portlet.GenericPortlet.InitPortletExceptionTestPortlet</portlet-class>
        <expiration-cache>0</expiration-cache>
       <supports>
         <mime-type>text/html</mime-type>
       </supports>
        <portlet-info>
                <title>InitPortletExceptionTestPortlet</title>
                <short-title>InitPortletExceptionTestPortlet</short-title>
        </portlet-info>
    </portlet>

    <!-- *************************************************************** -->
    <!-- *                                                             * -->
    <!-- * Portlet: InitTestPortlet                                    * -->
    <!-- *                                                             * -->
    <!-- *************************************************************** -->
    <portlet>
        <portlet-name>InitTestPortlet</portlet-name>
        <portlet-class>com.sun.ts.tests.portlet.api.javax_portlet.GenericPortlet.InitTestPortlet</portlet-class>
        <expiration-cache>0</expiration-cache>
       <supports>
         <mime-type>text/html</mime-type>
       </supports>
        <portlet-info>
                <title>InitTestPortlet</title>
                <short-title>InitTestPortlet</short-title>
        </portlet-info>
    </portlet>

    <!-- *************************************************************** -->
    <!-- *                                                             * -->
    <!-- * Portlet: InitUnavailableExceptionTestPortlet                * -->
    <!-- *                                                             * -->
    <!-- *************************************************************** -->
    <portlet>
        <portlet-name>InitUnavailableExceptionTestPortlet</portlet-name>
        <portlet-class>com.sun.ts.tests.portlet.api.javax_portlet.GenericPortlet.InitUnavailableExceptionTestPortlet</portlet-class>
        <expiration-cache>0</expiration-cache>
       <supports>
         <mime-type>text/html</mime-type>
       </supports>
        <portlet-info>
                <title>InitUnavailableExceptionTestPortlet</title>
                <short-title>InitUnavailableExceptionTestPortlet</short-title>
        </portlet-info>
    </portlet>

    <!-- *************************************************************** -->
    <!-- *                                                             * -->
    <!-- * Portlet: InitWithConfigParamTestPortlet                     * -->
    <!-- *                                                             * -->
    <!-- *************************************************************** -->
    <portlet>
        <portlet-name>InitWithConfigParamTestPortlet</portlet-name>
        <portlet-class>com.sun.ts.tests.portlet.api.javax_portlet.GenericPortlet.InitWithConfigParamTestPortlet</portlet-class>
        <expiration-cache>0</expiration-cache>
       <supports>
         <mime-type>text/html</mime-type>
       </supports>
        <portlet-info>
                <title>InitWithConfigParamTestPortlet</title>
                <short-title>InitWithConfigParamTestPortlet</short-title>
        </portlet-info>
    </portlet>

    <!-- *************************************************************** -->
    <!-- *                                                             * -->
    <!-- * Portlet: ProcessActionTestPortlet                           * -->
    <!-- *                                                             * -->
    <!-- *************************************************************** -->
    <portlet>
        <portlet-name>ProcessActionTestPortlet</portlet-name>
        <portlet-class>com.sun.ts.tests.portlet.api.javax_portlet.GenericPortlet.ProcessActionTestPortlet</portlet-class>
        <expiration-cache>0</expiration-cache>
       <supports>
         <mime-type>text/html</mime-type>
       </supports>
        <portlet-info>
                <title>ProcessActionTestPortlet</title>
                <short-title>ProcessActionTestPortlet</short-title>
        </portlet-info>
    </portlet>
    
    <!-- *************************************************************** -->
    <!-- *                                                             * -->
    <!-- * Portlet: RenderTestPortlet                                  * -->
    <!-- *                                                             * -->
    <!-- *************************************************************** -->
    <portlet>
        <portlet-name>RenderTestPortlet</portlet-name>
        <portlet-class>com.sun.ts.tests.portlet.api.javax_portlet.GenericPortlet.RenderTestPortlet</portlet-class>
        <expiration-cache>0</expiration-cache>
       <supports>
         <mime-type>text/html</mime-type>
       </supports>
        <portlet-info>
                <title>RenderTestPortlet</title>
                <short-title>RenderTestPortlet</short-title>
        </portlet-info>
    </portlet>
    
</portlet-app>
