<?xml version="1.0" encoding="UTF-8"?>

<portlet-app id="portlet_jp_EventResponse_web"
xmlns="http://java.sun.com/xml/ns/portlet/portlet-app_2_0.xsd" version="2.0"
xmlns:xsi="http://www.w3.org/2001/XMLSchema-instance"
xsi:schemaLocation="http://java.sun.com/xml/ns/portlet/portlet-app_2_0.xsd http://java.sun.com/xml/ns/portlet/portlet-app_2_0.xsd">





    <!-- *************************************************************** -->
    <!-- *                                                             * -->
    <!-- * Portlet Application specific                                * -->
    <!-- *                                                             * -->
    <!-- *************************************************************** -->
    
    <!-- *************************************************************** -->
    <!-- *                                                             * -->
    <!-- * Portlet: SetRenderParametersTestPortlet                     * -->
    <!-- *                                                             * -->
    <!-- *************************************************************** -->
    <portlet>
        <portlet-name>SetRenderParametersTestPortlet</portlet-name>
        <portlet-class>com.sun.ts.tests.portlet.api.javax_portlet.EventResponse.SetRenderParametersTestPortlet</portlet-class>
        <expiration-cache>0</expiration-cache>
       <supports>
         <mime-type>text/html</mime-type>
       </supports>
        <portlet-info>
                <title>SetRenderParametersTestPortlet</title>
                <short-title>SetRenderParametersTestPortlet</short-title>
        </portlet-info>
        
        <supported-processing-event><qname xmlns:x="http://acme.com/events">x:SetRenderParametersTest_String</qname></supported-processing-event>
       	<supported-publishing-event><qname xmlns:x="http://acme.com/events">x:SetRenderParametersTest_String</qname></supported-publishing-event>
        
    </portlet>
    
	<!-- *************************************************************** -->
	<!-- *                                                             * -->
	<!-- * Portlet: CheckSendEventTestPortlet                          * -->
	<!-- *                                                             * -->
	<!-- *************************************************************** -->
	<portlet>
		<portlet-name>CheckSendEventTestPortlet</portlet-name>
		<portlet-class>
			com.sun.ts.tests.portlet.api.javax_portlet.EventResponse.CheckSendEventTestPortlet
		</portlet-class>
		<expiration-cache>0</expiration-cache>
		<supports>
			<mime-type>text/html</mime-type>
		</supports>
		<portlet-info>
			<title>CheckSendEventTestPortlet</title>
			<short-title>CheckSendEventTestPortlet</short-title>
		</portlet-info>
		
		<supported-processing-event>
			<qname xmlns:x="http://acme.com/events">x:CheckSendEventTest_String</qname>
		</supported-processing-event>
		<supported-processing-event>
			<qname xmlns:x="http://acme.com/events">x:CheckSendEventTest_Address</qname>
		</supported-processing-event>
	  	
	  	<supported-publishing-event>
	  		<qname xmlns:x="http://acme.com/events">x:CheckSendEventTest_String</qname>
	  	</supported-publishing-event>
	  	<supported-publishing-event>
	  		<qname xmlns:x="http://acme.com/events">x:CheckSendEventTest_Address</qname>
	  	</supported-publishing-event>

	</portlet>
	
	<!-- *************************************************************** -->
	<!-- *                                                             * -->
	<!-- * Portlet: SetMultipleEventsProcessActionTestPortlet          * -->
	<!-- *                                                             * -->
	<!-- *************************************************************** -->
	<portlet>
		<portlet-name>SetMultipleEventsProcessActionTestPortlet</portlet-name>
		<portlet-class>
			com.sun.ts.tests.portlet.api.javax_portlet.EventResponse.SetMultipleEventsProcessActionTestPortlet
		</portlet-class>
		<expiration-cache>0</expiration-cache>
		<supports>
			<mime-type>text/html</mime-type>
		</supports>
		<portlet-info>
			<title>SetMultipleEventsProcessActionTestPortlet</title>
			<short-title>SetMultipleEventsProcessActionTestPortlet</short-title>
		</portlet-info>
		

		<supported-processing-event>
			<qname xmlns:x="http://acme.com/events">x:SetMultipleEventsProcessActionTest_String</qname>
		</supported-processing-event>
	  	<supported-processing-event>
			<qname xmlns:x="http://acme.com/events">x:SetMultipleEventsProcessActionTest_Address</qname>
		</supported-processing-event>
		
		<supported-publishing-event>
	  		<qname xmlns:x="http://acme.com/events">x:SetMultipleEventsProcessActionTest_String</qname>
	  	</supported-publishing-event>
	  	<supported-publishing-event>
	  		<qname xmlns:x="http://acme.com/events">x:SetMultipleEventsProcessActionTest_Address</qname>
	  	</supported-publishing-event>

	</portlet>
	
	<!-- *************************************************************** -->
	<!-- *                                                             * -->
	<!-- * Portlet: SetEventLocalPartTestPortlet                       * -->
	<!-- *                                                             * -->
	<!-- *************************************************************** -->
	<portlet>
		<portlet-name>SetEventLocalPartTestPortlet</portlet-name>
		<portlet-class>
			com.sun.ts.tests.portlet.api.javax_portlet.EventResponse.SetEventLocalPartTestPortlet
		</portlet-class>
		<expiration-cache>0</expiration-cache>
		<supports>
			<mime-type>text/html</mime-type>
		</supports>
		<portlet-info>
			<title>SetEventLocalPartTestPortlet</title>
			<short-title>SetEventLocalPartTestPortlet</short-title>
		</portlet-info>

		<supported-processing-event>
			<name>SetEventLocalPartTest_String</name>
		</supported-processing-event>		
	  	<supported-publishing-event>
	  		<name>SetEventLocalPartTest_String</name>
	  	</supported-publishing-event>

	</portlet>
	
	<!-- *************************************************************** -->
	<!-- *                                                             * -->
	<!-- * Portlet: CheckOpIgnoredTestPortlet                         * -->
	<!-- *                                                             * -->
	<!-- *************************************************************** -->
	<portlet>
		<portlet-name>CheckOpIgnoredTestPortlet</portlet-name>
		<portlet-class>
			com.sun.ts.tests.portlet.api.javax_portlet.EventResponse.CheckOpIgnoredTestPortlet
		</portlet-class>
		<expiration-cache>0</expiration-cache>
		<supports>
			<mime-type>text/html</mime-type>
			<portlet-mode>edit</portlet-mode>
		</supports>
		<portlet-info>
			<title>CheckOpIgnoredTestPortlet</title>
			<short-title>CheckOpIgnoredTestPortlet</short-title>
		</portlet-info>

		<supported-processing-event>
			<qname xmlns:x="http://acme.com/events">x:CheckOpIgnoredTest_String</qname>
		</supported-processing-event>
	  	<supported-publishing-event>
	  		<qname xmlns:x="http://acme.com/events">x:CheckOpIgnoredTest_String</qname>
	  	</supported-publishing-event>
	
	</portlet>
	
	<!-- *************************************************************** -->
	<!-- *                                                             * -->
	<!-- * Portlet: SetRenderParametersReplaceTestPortlet              * -->
	<!-- *                                                             * -->
	<!-- *************************************************************** -->
	<portlet>
		<portlet-name>SetRenderParametersReplaceTestPortlet</portlet-name>
		<portlet-class>
			com.sun.ts.tests.portlet.api.javax_portlet.EventResponse.SetRenderParametersReplaceTestPortlet
		</portlet-class>
		<expiration-cache>0</expiration-cache>
		<supports>
			<mime-type>text/html</mime-type>
		</supports>
		<portlet-info>
			<title>SetRenderParametersReplaceTestPortlet</title>
			<short-title>SetRenderParametersReplaceTestPortlet</short-title>
		</portlet-info>

		<supported-processing-event>
			<qname xmlns:x="http://acme.com/events">x:SetRenderParametersReplaceTest_String</qname>
		</supported-processing-event>
	  	<supported-publishing-event>
	  		<qname xmlns:x="http://acme.com/events">x:SetRenderParametersReplaceTest_String</qname>
	  	</supported-publishing-event>
	
	</portlet>
	
	<!-- *************************************************************** -->
	<!-- *                                                             * -->
	<!-- * Portlet: GetNamespaceSameValueTestPortlet                   * -->
	<!-- *                                                             * -->
	<!-- *************************************************************** -->
	<portlet>
		<portlet-name>GetNamespaceSameValueTestPortlet</portlet-name>
		<portlet-class>
			com.sun.ts.tests.portlet.api.javax_portlet.EventResponse.GetNamespaceSameValueTestPortlet
		</portlet-class>
		<expiration-cache>0</expiration-cache>
		<supports>
			<mime-type>text/html</mime-type>
		</supports>
		<portlet-info>
			<title>GetNamespaceSameValueTestPortlet</title>
			<short-title>GetNamespaceSameValueTestPortlet</short-title>
		</portlet-info>

		<supported-processing-event>
			<qname xmlns:x="http://acme.com/events">x:GetNamespaceSameValueTest_String</qname>
		</supported-processing-event>
	  	<supported-publishing-event>
	  		<qname xmlns:x="http://acme.com/events">x:GetNamespaceSameValueTest_String</qname>
	  	</supported-publishing-event>
	
	</portlet>
	
	<!-- *************************************************************** -->
	<!-- *                                                             * -->
	<!-- * Portlet: SetUndeclaredPortletModeTestPortlet                * -->
	<!-- *                                                             * -->
	<!-- *************************************************************** -->
	<portlet>
		<portlet-name>SetUndeclaredPortletModeTestPortlet</portlet-name>
		<portlet-class>
			com.sun.ts.tests.portlet.api.javax_portlet.EventResponse.SetUndeclaredPortletModeTestPortlet
		</portlet-class>
		<expiration-cache>0</expiration-cache>
		<supports>
			<mime-type>text/html</mime-type>
		</supports>
		<portlet-info>
			<title>SetUndeclaredPortletModeTestPortlet</title>
			<short-title>SetUndeclaredPortletModeTestPortlet</short-title>
		</portlet-info>

		<supported-processing-event>
			<qname xmlns:x="http://acme.com/events">x:SetUndeclaredPortletModeTest_String</qname>
		</supported-processing-event>
	  	<supported-publishing-event>
	  		<qname xmlns:x="http://acme.com/events">x:SetUndeclaredPortletModeTest_String</qname>
	  	</supported-publishing-event>
	
	</portlet>
	
	<!-- *************************************************************** -->
	<!-- *                                                             * -->
	<!-- * Portlet: SetUndeclaredWindowStateTestPortlet                * -->
	<!-- *                                                             * -->
	<!-- *************************************************************** -->
	<portlet>
		<portlet-name>SetUndeclaredWindowStateTestPortlet</portlet-name>
		<portlet-class>
			com.sun.ts.tests.portlet.api.javax_portlet.EventResponse.SetUndeclaredWindowStateTestPortlet
		</portlet-class>
		<expiration-cache>0</expiration-cache>
		<supports>
			<mime-type>text/html</mime-type>
		</supports>
		<portlet-info>
			<title>SetUndeclaredWindowStateTestPortlet</title>
			<short-title>SetUndeclaredWindowStateTestPortlet</short-title>
		</portlet-info>

		<supported-processing-event>
			<qname xmlns:x="http://acme.com/events">x:SetUndeclaredWindowStateTest_String</qname>
		</supported-processing-event>
	  	<supported-publishing-event>
	  		<qname xmlns:x="http://acme.com/events">x:SetUndeclaredWindowStateTest_String</qname>
	  	</supported-publishing-event>
	
	</portlet>
	
	<default-namespace>http://acme.com/events</default-namespace>
	
    <event-definition>
	 	<qname xmlns:x="http://acme.com/events">x:SetRenderParametersTest_String</qname>
	 	<value-type>java.lang.String</value-type>
	</event-definition>
	
	<event-definition>
	 	<qname xmlns:x="http://acme.com/events">x:CheckSendEventTest_String</qname>
	 	<value-type>java.lang.String</value-type>
	</event-definition>
	
	<event-definition>
	 	<qname xmlns:x="http://acme.com/events">x:CheckSendEventTest_Address</qname>
	 	<value-type>com.sun.ts.tests.portlet.api.javax_portlet.EventResponse.Address</value-type>
	</event-definition>
	
	<event-definition>
	 	<qname xmlns:x="http://acme.com/events">x:SetMultipleEventsProcessActionTest_String</qname>
	 	<value-type>java.lang.String</value-type>
	</event-definition>
	
	<event-definition>
	 	<qname xmlns:x="http://acme.com/events">x:SetMultipleEventsProcessActionTest_Address</qname>
	 	<value-type>com.sun.ts.tests.portlet.api.javax_portlet.EventResponse.Address</value-type>
	</event-definition>
	
	<event-definition>
		<name>SetEventLocalPartTest_String</name>
		<value-type>java.lang.String</value-type>
	</event-definition>
	
	<event-definition>
	 	<qname xmlns:x="http://acme.com/events">x:CheckOpIgnoredTest_String</qname>
	 	<value-type>java.lang.String</value-type>
	</event-definition>

	<event-definition>
	 	<qname xmlns:x="http://acme.com/events">x:SetRenderParametersReplaceTest_String</qname>
	 	<value-type>java.lang.String</value-type>
	</event-definition>
	
	<event-definition>
	 	<qname xmlns:x="http://acme.com/events">x:GetNamespaceSameValueTest_String</qname>
	 	<value-type>java.lang.String</value-type>
	</event-definition>
	
	<event-definition>
	 	<qname xmlns:x="http://acme.com/events">x:SetUndeclaredPortletModeTest_String</qname>
	 	<value-type>java.lang.String</value-type>
	</event-definition>
	
	<event-definition>
	 	<qname xmlns:x="http://acme.com/events">x:SetUndeclaredWindowStateTest_String</qname>
	 	<value-type>java.lang.String</value-type>
	</event-definition>
	
</portlet-app>
