<?xml version="1.0" encoding="UTF-8"?>

<portlet-app id="portlet_jp_PortletSession_secondapp_web"
xmlns="http://java.sun.com/xml/ns/portlet/portlet-app_1_0.xsd" version="1.0"
xmlns:xsi="http://www.w3.org/2001/XMLSchema-instance"
xsi:schemaLocation="http://java.sun.com/xml/ns/portlet/portlet-app_1_0.xsd http://java.sun.com/xml/ns/portlet/portlet-app_1_0.xsd">




    <!-- *************************************************************** -->
    <!-- *                                                             * -->
    <!-- * Portlet Application specific                                * -->
    <!-- *                                                             * -->
    <!-- *************************************************************** -->
    
    

    <!-- ****************************************************************** -->
    <!-- *                                                                * -->
    <!-- * Portlet: CheckSessionValueForPortletsInDiffAppTest_1_Portlet   * -->
    <!-- *                                                                * -->
    <!-- ****************************************************************** -->
    <portlet>
        <portlet-name>CheckSessionValueForPortletsInDiffAppTest_1_Portlet</portlet-name>
        <portlet-class>com.sun.ts.tests.portlet.api.javax_portlet.PortletSessionSecondapp.CheckSessionValueForPortletsInDiffAppTest_1_Portlet</portlet-class>
        <expiration-cache>0</expiration-cache>
       <supports>
         <mime-type>text/html</mime-type>
       </supports>
        <portlet-info>
          <title>CheckSessionValueForPortletsInDiffAppTest_1_Portlet</title>
          <short-title>CheckSessionValueForPortletsInDiffAppTest_1_Portlet</short-title>
        </portlet-info>
    </portlet>

</portlet-app>
