<?xml version="1.0" encoding="UTF-8"?>

<portlet-app id="portlet_jp_PortletPreferences_web"
xmlns="http://java.sun.com/xml/ns/portlet/portlet-app_2_0.xsd" version="2.0"
xmlns:xsi="http://www.w3.org/2001/XMLSchema-instance"
xsi:schemaLocation="http://java.sun.com/xml/ns/portlet/portlet-app_2_0.xsd http://java.sun.com/xml/ns/portlet/portlet-app_2_0.xsd">





    <!-- *************************************************************** -->
    <!-- *                                                             * -->
    <!-- * Portlet Application specific                                * -->
    <!-- *                                                             * -->
    <!-- *************************************************************** -->
    
    
    
    <!-- *************************************************************** -->
    <!-- *                                                             * -->
    <!-- * Portlet: RefreshPortlet                                     * -->
    <!-- *                                                             * -->
    <!-- *************************************************************** -->
    <portlet>
        <portlet-name>RefreshPortlet</portlet-name>
        <portlet-class>com.sun.ts.tests.portlet.common.portlet.RefreshPortlet</portlet-class>
        <expiration-cache>0</expiration-cache>
       <supports>
         <mime-type>text/html</mime-type>
       </supports>
        <portlet-info>
             <title>RefreshPortlet</title>
             <short-title>RefreshPortlet</short-title>
        </portlet-info>
    </portlet>

    <!-- *************************************************************** -->
    <!-- *                                                             * -->
    <!-- * Portlet: GetValueTestPortlet                                * -->
    <!-- *                                                             * -->
    <!-- *************************************************************** -->
    <portlet>
        <portlet-name>GetValueTestPortlet</portlet-name>
        <portlet-class>com.sun.ts.tests.portlet.api.javax_portlet.PortletPreferences.GetValueTestPortlet</portlet-class>
        <expiration-cache>0</expiration-cache>
       <supports>
         <mime-type>text/html</mime-type>
       </supports>
        <portlet-info>
                <title>GetValueTestPortlet </title>
                <short-title>GetValueTestPortlet </short-title>
        </portlet-info>
		<portlet-preferences>
			<preference>
				<name>preferredLanguage</name>
				<value>Java</value>
			</preference>
		</portlet-preferences>
    </portlet>

    <!-- *************************************************************** -->
    <!-- *                                                             * -->
    <!-- * Portlet: GetValueDefaultTestPortlet                         * -->
    <!-- *                                                             * -->
    <!-- *************************************************************** -->
    <portlet>
        <portlet-name>GetValueDefaultTestPortlet</portlet-name>
        <portlet-class>com.sun.ts.tests.portlet.api.javax_portlet.PortletPreferences.GetValueDefaultTestPortlet</portlet-class>
        <expiration-cache>0</expiration-cache>
       <supports>
         <mime-type>text/html</mime-type>
       </supports>
        <portlet-info>
           <title>GetValueDefaultTestPortlet </title>
           <short-title>GetValueDefaultTestPortlet </short-title>
        </portlet-info>
		<portlet-preferences>
			<preference>
				<name>preferredLanguage</name>
			</preference>
		</portlet-preferences>
    </portlet>

    <!-- *************************************************************** -->
    <!-- *                                                             * -->
    <!-- * Portlet: GetValueIllegalArgumentExceptionTestPortlet        * -->
    <!-- *                                                             * -->
    <!-- *************************************************************** -->
    <portlet>
        <portlet-name>GetValueIllegalArgumentExceptionTestPortlet</portlet-name>
        <portlet-class>com.sun.ts.tests.portlet.api.javax_portlet.PortletPreferences.GetValueIllegalArgumentExceptionTestPortlet</portlet-class>
        <expiration-cache>0</expiration-cache>
       <supports>
         <mime-type>text/html</mime-type>
       </supports>
        <portlet-info>
         <title>GetValueIllegalArgumentExceptionTestPortlet</title>
         <short-title>GetValueIllegalArgumentExceptionTestPortlet</short-title>
        </portlet-info>
		<portlet-preferences>
			<preference>
				<name>preferredLanguage</name>
			</preference>
		</portlet-preferences>
    </portlet>

    <!-- *************************************************************** -->
    <!-- *                                                             * -->
    <!-- * Portlet: GetValuesTestPortlet                               * -->
    <!-- *                                                             * -->
    <!-- *************************************************************** -->
    <portlet>
        <portlet-name>GetValuesTestPortlet</portlet-name>
        <portlet-class>com.sun.ts.tests.portlet.api.javax_portlet.PortletPreferences.GetValuesTestPortlet</portlet-class>
        <expiration-cache>0</expiration-cache>
       <supports>
         <mime-type>text/html</mime-type>
       </supports>
        <portlet-info>
              <title>GetValuesTestPortlet</title>
              <short-title>GetValuesTestPortlet</short-title>
        </portlet-info>
		<portlet-preferences>
			<preference>
				<name>preferredLanguages</name>
				<value>Java</value>
				<value>Oracle</value>
			</preference>
		</portlet-preferences>
    </portlet>

    <!-- *************************************************************** -->
    <!-- *                                                             * -->
    <!-- * Portlet: GetValuesDefaultTestPortlet                        * -->
    <!-- *                                                             * -->
    <!-- *************************************************************** -->
    <portlet>
        <portlet-name>GetValuesDefaultTestPortlet</portlet-name>
        <portlet-class>com.sun.ts.tests.portlet.api.javax_portlet.PortletPreferences.GetValuesDefaultTestPortlet</portlet-class>
        <expiration-cache>0</expiration-cache>
       <supports>
         <mime-type>text/html</mime-type>
       </supports>
        <portlet-info>
              <title>GetValuesDefaultTestPortlet</title>
              <short-title>GetValuesDefaultTestPortlet</short-title>
        </portlet-info>
		<portlet-preferences>
			<preference>
				<name>preferredLanguages</name>
			</preference>
		</portlet-preferences>
    </portlet>

    <!-- *************************************************************** -->
    <!-- *                                                             * -->
    <!-- * Portlet: GetValuesIllegalArgumentExceptionTestPortlet       * -->
    <!-- *                                                             * -->
    <!-- *************************************************************** -->
    <portlet>
       <portlet-name>GetValuesIllegalArgumentExceptionTestPortlet</portlet-name>
       <portlet-class>com.sun.ts.tests.portlet.api.javax_portlet.PortletPreferences.GetValuesIllegalArgumentExceptionTestPortlet</portlet-class>
        <expiration-cache>0</expiration-cache>
       <supports>
         <mime-type>text/html</mime-type>
       </supports>
        <portlet-info>
         <title>GetValuesIllegalArgumentExceptionTestPortlet</title>
         <short-title>GetValuesIllegalArgumentExceptionTestPortlet</short-title>
        </portlet-info>
		<portlet-preferences>
			<preference>
				<name>preferredLanguage</name>
			</preference>
		</portlet-preferences>
    </portlet>

    <!-- *************************************************************** -->
    <!-- *                                                             * -->
    <!-- * Portlet: GetNamesTestPortlet         				       * -->
    <!-- *                                                             * -->
    <!-- *************************************************************** -->
    <portlet>
        <portlet-name>GetNamesTestPortlet</portlet-name>
        <portlet-class>com.sun.ts.tests.portlet.api.javax_portlet.PortletPreferences.GetNamesTestPortlet</portlet-class>
        <expiration-cache>0</expiration-cache>
       <supports>
         <mime-type>text/html</mime-type>
       </supports>
        <portlet-info>
              <title>GetNamesTestPortlet</title>
              <short-title>GetNamesTestPortlet</short-title>
        </portlet-info>
		<portlet-preferences>
			<preference>
				<name>preferredSystem</name>
				<value>UltraSparc</value>
			</preference>
			<preference>
				<name>preferredOS</name>
				<value>Solaris</value>
			</preference>
			<preference>
				<name>preferredLanguage</name>
				<value>Java</value>
			</preference>
		</portlet-preferences>
    </portlet>

    <!-- *************************************************************** -->
    <!-- *                                                             * -->
    <!-- * Portlet: GetNamesEmptyTestPortlet         				   * -->
    <!-- *                                                             * -->
    <!-- *************************************************************** -->
    <portlet>
        <portlet-name>GetNamesEmptyTestPortlet</portlet-name>
        <portlet-class>com.sun.ts.tests.portlet.api.javax_portlet.PortletPreferences.GetNamesEmptyTestPortlet</portlet-class>
        <expiration-cache>0</expiration-cache>
       <supports>
         <mime-type>text/html</mime-type>
       </supports>
        <portlet-info>
              <title>GetNamesEmptyTestPortlet</title>
              <short-title>GetNamesEmptyTestPortlet</short-title>
        </portlet-info>
		<portlet-preferences>
		</portlet-preferences>
    </portlet>

    <!-- *************************************************************** -->
    <!-- *                                                             * -->
    <!-- * Portlet: GetMapTestPortlet         				       	   * -->
    <!-- *                                                             * -->
    <!-- *************************************************************** -->
    <portlet>
        <portlet-name>GetMapTestPortlet</portlet-name>
        <portlet-class>com.sun.ts.tests.portlet.api.javax_portlet.PortletPreferences.GetMapTestPortlet</portlet-class>
        <expiration-cache>0</expiration-cache>
       <supports>
         <mime-type>text/html</mime-type>
       </supports>
        <portlet-info>
              <title>GetMapTestPortlet</title>
              <short-title>GetMapTestPortlet</short-title>
        </portlet-info>
		<portlet-preferences>
			<preference>
				<name>preferredSystem</name>
				<value>UltraSparc</value>
			</preference>
			<preference>
				<name>preferredOS</name>
				<value>Solaris</value>
			</preference>
			<preference>
				<name>preferredLanguage</name>
				<value>Java</value>
			</preference>
		</portlet-preferences>
    </portlet>

    <!-- *************************************************************** -->
    <!-- *                                                             * -->
    <!-- * Portlet: GetMapEmptyTestPortlet         				       * -->
    <!-- *                                                             * -->
    <!-- *************************************************************** -->
    <portlet>
        <portlet-name>GetMapEmptyTestPortlet</portlet-name>
        <portlet-class>com.sun.ts.tests.portlet.api.javax_portlet.PortletPreferences.GetMapEmptyTestPortlet</portlet-class>
        <expiration-cache>0</expiration-cache>
       <supports>
         <mime-type>text/html</mime-type>
       </supports>
        <portlet-info>
              <title>GetMapEmptyTestPortlet</title>
              <short-title>GetMapEmptyTestPortlet</short-title>
        </portlet-info>
		<portlet-preferences>
		</portlet-preferences>
    </portlet>

    <!-- *************************************************************** -->
    <!-- *                                                             * -->
    <!-- * Portlet: IsReadOnlyTestPortlet         				   	   * -->
    <!-- *                                                             * -->
    <!-- *************************************************************** -->
    <portlet>
        <portlet-name>IsReadOnlyTestPortlet</portlet-name>
        <portlet-class>com.sun.ts.tests.portlet.api.javax_portlet.PortletPreferences.IsReadOnlyTestPortlet</portlet-class>
        <expiration-cache>0</expiration-cache>
       <supports>
         <mime-type>text/html</mime-type>
       </supports>
        <portlet-info>
              <title>IsReadOnlyTestPortlet</title>
              <short-title>IsReadOnlyTestPortlet</short-title>
        </portlet-info>
		<portlet-preferences>
			<preference>
				<name>preferredSystem</name>
				<value>UltraSparc</value>
				<read-only>true</read-only>
			</preference>
			<preference>
				<name>preferredLanguage</name>
				<value>Java</value>
			</preference>
		</portlet-preferences>
    </portlet>

    <!-- *************************************************************** -->
    <!-- *                                                             * -->
    <!-- * Portlet: IsReadOnlyIllegalArgumentExceptionTestPortlet      * -->
    <!-- *                                                             * -->
    <!-- *************************************************************** -->
    <portlet>
        <portlet-name>IsReadOnlyIllegalArgumentExceptionTestPortlet</portlet-name>
        <portlet-class>com.sun.ts.tests.portlet.api.javax_portlet.PortletPreferences.IsReadOnlyIllegalArgumentExceptionTestPortlet</portlet-class>
        <expiration-cache>0</expiration-cache>
       <supports>
         <mime-type>text/html</mime-type>
       </supports>
        <portlet-info>
              <title>IsReadOnlyIllegalArgumentExceptionTestPortlet</title>
              <short-title>IsReadOnlyIllegalArgumentExceptionTestPortlet</short-title>
        </portlet-info>
		<portlet-preferences>
			<preference>
				<name>preferredLanguage</name>
				<value>Java</value>
			</preference>
		</portlet-preferences>
    </portlet>

    <!-- *************************************************************** -->
    <!-- *                                                             * -->
    <!-- * Portlet: ResetIllegalArgumentExceptionTestPortlet           * -->
    <!-- *                                                             * -->
    <!-- *************************************************************** -->
    <portlet>
        <portlet-name>ResetIllegalArgumentExceptionTestPortlet</portlet-name>
        <portlet-class>com.sun.ts.tests.portlet.api.javax_portlet.PortletPreferences.ResetIllegalArgumentExceptionTestPortlet</portlet-class>
        <expiration-cache>0</expiration-cache>
       <supports>
         <mime-type>text/html</mime-type>
       </supports>
        <portlet-info>
              <title>ResetIllegalArgumentExceptionTestPortlet</title>
              <short-title>ResetIllegalArgumentExceptionTestPortlet</short-title>
        </portlet-info>
    </portlet>

    <!-- *************************************************************** -->
    <!-- *                                                             * -->
    <!-- * Portlet: ResetTestPortlet         		                   * -->
    <!-- *                                                             * -->
    <!-- *************************************************************** -->
    <portlet>
        <portlet-name>ResetTestPortlet</portlet-name>
        <portlet-class>com.sun.ts.tests.portlet.api.javax_portlet.PortletPreferences.ResetTestPortlet</portlet-class>
        <expiration-cache>0</expiration-cache>
       <supports>
         <mime-type>text/html</mime-type>
       </supports>
        <portlet-info>
              <title>ResetTestPortlet</title>
              <short-title>ResetTestPortlet</short-title>
        </portlet-info>
		<portlet-preferences>
			<preference>
				<name>preferredLanguage</name>
				<value>Java</value>
			</preference>
		</portlet-preferences>
    </portlet>

    <!-- *************************************************************** -->
    <!-- *                                                             * -->
    <!-- * Portlet: ResetReadOnlyExceptionTestPortlet         	   	   * -->
    <!-- *                                                             * -->
    <!-- *************************************************************** -->
    <portlet>
        <portlet-name>ResetReadOnlyExceptionTestPortlet</portlet-name>
        <portlet-class>com.sun.ts.tests.portlet.api.javax_portlet.PortletPreferences.ResetReadOnlyExceptionTestPortlet</portlet-class>
        <expiration-cache>0</expiration-cache>
       <supports>
         <mime-type>text/html</mime-type>
       </supports>
        <portlet-info>
              <title>ResetReadOnlyExceptionTestPortlet</title>
              <short-title>ResetReadOnlyExceptionTestPortlet</short-title>
        </portlet-info>
		<portlet-preferences>
			<preference>
				<name>preferredLanguage</name>
				<value>Java</value>
				<read-only>true</read-only>
			</preference>
		</portlet-preferences>
    </portlet>

    <!-- *************************************************************** -->
    <!-- *                                                             * -->
    <!-- * Portlet: SetValueTestPortlet         		               * -->
    <!-- *                                                             * -->
    <!-- *************************************************************** -->
    <portlet>
        <portlet-name>SetValueTestPortlet</portlet-name>
        <portlet-class>com.sun.ts.tests.portlet.api.javax_portlet.PortletPreferences.SetValueTestPortlet</portlet-class>
        <expiration-cache>0</expiration-cache>
       <supports>
         <mime-type>text/html</mime-type>
       </supports>
        <portlet-info>
              <title>SetValueTestPortlet</title>
              <short-title>SetValueTestPortlet</short-title>
        </portlet-info>
		<portlet-preferences>
			<preference>
				<name>preferredLanguage</name>
			</preference>
		</portlet-preferences>
    </portlet>

    <!-- *************************************************************** -->
    <!-- *                                                             * -->
    <!-- * Portlet: SetValueIllegalArgumentExceptionTestPortlet        * -->
    <!-- *                                                             * -->
    <!-- *************************************************************** -->
    <portlet>
        <portlet-name>SetValueIllegalArgumentExceptionTestPortlet</portlet-name>
        <portlet-class>com.sun.ts.tests.portlet.api.javax_portlet.PortletPreferences.SetValueIllegalArgumentExceptionTestPortlet</portlet-class>
        <expiration-cache>0</expiration-cache>
       <supports>
         <mime-type>text/html</mime-type>
       </supports>
        <portlet-info>
          <title>SetValueIllegalArgumentExceptionTestPortlet</title>
          <short-title>SetValueIllegalArgumentExceptionTestPortlet</short-title>
        </portlet-info>
		<portlet-preferences>
			<preference>
				<name>preferredLanguage</name>
			</preference>
		</portlet-preferences>
    </portlet>

    <!-- *************************************************************** -->
    <!-- *                                                             * -->
    <!-- * Portlet: SetValueReadOnlyExceptionTestPortlet           	   * -->
    <!-- *                                                             * -->
    <!-- *************************************************************** -->
    <portlet>
        <portlet-name>SetValueReadOnlyExceptionTestPortlet</portlet-name>
        <portlet-class>com.sun.ts.tests.portlet.api.javax_portlet.PortletPreferences.SetValueReadOnlyExceptionTestPortlet</portlet-class>
        <expiration-cache>0</expiration-cache>
       <supports>
         <mime-type>text/html</mime-type>
       </supports>
        <portlet-info>
           <title>SetValueReadOnlyExceptionTestPortlet</title>
           <short-title>SetValueReadOnlyExceptionTestPortlet</short-title>
        </portlet-info>
		<portlet-preferences>
			<preference>
				<name>preferredLanguage</name>
				<value>Oracle</value>
				<read-only>true</read-only>
			</preference>
		</portlet-preferences>
    </portlet>


    <!-- *************************************************************** -->
    <!-- *                                                             * -->
    <!-- * Portlet: SetValuesTestPortlet         	                   * -->
    <!-- *                                                             * -->
    <!-- *************************************************************** -->
    <portlet>
        <portlet-name>SetValuesTestPortlet</portlet-name>
        <portlet-class>com.sun.ts.tests.portlet.api.javax_portlet.PortletPreferences.SetValuesTestPortlet</portlet-class>
        <expiration-cache>0</expiration-cache>
       <supports>
         <mime-type>text/html</mime-type>
       </supports>
        <portlet-info>
              <title>SetValuesTestPortlet</title>
              <short-title>SetValuesTestPortlet</short-title>
        </portlet-info>
		<portlet-preferences>
			<preference>
				<name>preferredLanguages</name>
			</preference>
		</portlet-preferences>
    </portlet>

    <!-- *************************************************************** -->
    <!-- *                                                             * -->
    <!-- * Portlet: SetValuesIllegalArgumentExceptionTestPortlet       * -->
    <!-- *                                                             * -->
    <!-- *************************************************************** -->
    <portlet>
       <portlet-name>SetValuesIllegalArgumentExceptionTestPortlet</portlet-name>
       <portlet-class>com.sun.ts.tests.portlet.api.javax_portlet.PortletPreferences.SetValuesIllegalArgumentExceptionTestPortlet</portlet-class>
        <expiration-cache>0</expiration-cache>
       <supports>
         <mime-type>text/html</mime-type>
       </supports>
        <portlet-info>
         <title>SetValuesIllegalArgumentExceptionTestPortlet</title>
         <short-title>SetValuesIllegalArgumentExceptionTestPortlet</short-title>
        </portlet-info>
		<portlet-preferences>
			<preference>
				<name>preferredLanguages</name>
			</preference>
		</portlet-preferences>
    </portlet>

    <!-- *************************************************************** -->
    <!-- *                                                             * -->
    <!-- * Portlet: SetValuesReadOnlyExceptionTestPortlet          	   * -->
    <!-- *                                                             * -->
    <!-- *************************************************************** -->
    <portlet>
        <portlet-name>SetValuesReadOnlyExceptionTestPortlet</portlet-name>
        <portlet-class>com.sun.ts.tests.portlet.api.javax_portlet.PortletPreferences.SetValuesReadOnlyExceptionTestPortlet</portlet-class>
        <expiration-cache>0</expiration-cache>
       <supports>
         <mime-type>text/html</mime-type>
       </supports>
        <portlet-info>
           <title>SetValuesReadOnlyExceptionTestPortlet</title>
           <short-title>SetValuesReadOnlyExceptionTestPortlet</short-title>
        </portlet-info>
		<portlet-preferences>
			<preference>
				<name>preferredLanguages</name>
				<value>Java</value>
				<value>Oracle</value>
				<value>Perl</value>
				<read-only>true</read-only>
			</preference>
		</portlet-preferences>
    </portlet>

    <!-- *************************************************************** -->
    <!-- *                                                             * -->
    <!-- * Portlet: StoreTestPortlet                                   * -->
    <!-- *                                                             * -->
    <!-- *************************************************************** -->
    <portlet>
        <portlet-name>StoreTestPortlet</portlet-name>
        <portlet-class>com.sun.ts.tests.portlet.api.javax_portlet.PortletPreferences.StoreTestPortlet</portlet-class>
        <expiration-cache>0</expiration-cache>
       <supports>
         <mime-type>text/html</mime-type>
       </supports>
        <portlet-info>
                <title>StoreTestPortlet</title>
                <short-title>StoreTestPortlet</short-title>
        </portlet-info>
		<portlet-preferences>
			<preference>
				<name>preferredLanguage</name>
				<value>Java</value>
			</preference>
		</portlet-preferences>
    </portlet>

    <!-- *************************************************************** -->
    <!-- *                                                             * -->
    <!-- * Portlet: StoreWithValidatorTestPortlet                      * -->
    <!-- *                                                             * -->
    <!-- *************************************************************** -->
    <portlet>
        <portlet-name>StoreWithValidatorTestPortlet</portlet-name>
        <portlet-class>com.sun.ts.tests.portlet.api.javax_portlet.PortletPreferences.StoreWithValidatorTestPortlet</portlet-class>
        <expiration-cache>0</expiration-cache>
       <supports>
         <mime-type>text/html</mime-type>
       </supports>
        <portlet-info>
                <title>StoreWithValidatorTestPortlet</title>
                <short-title>StoreWithValidatorTestPortlet</short-title>
        </portlet-info>
		<portlet-preferences>
			<preference>
				<name>preferredLanguage</name>
				<value>Java</value>
			</preference>
            <preferences-validator>com.sun.ts.tests.portlet.api.javax_portlet.PortletPreferences.ValidatorImpl</preferences-validator>
		</portlet-preferences>
    </portlet>

    <!-- *************************************************************** -->
    <!-- *                                                             * -->
    <!-- * Portlet: StoreWithValidatorExceptionTestPortlet             * -->
    <!-- *                                                             * -->
    <!-- *************************************************************** -->
    <portlet>
        <portlet-name>StoreWithValidatorExceptionTestPortlet</portlet-name>
        <portlet-class>com.sun.ts.tests.portlet.api.javax_portlet.PortletPreferences.StoreWithValidatorExceptionTestPortlet</portlet-class>
        <expiration-cache>0</expiration-cache>
       <supports>
         <mime-type>text/html</mime-type>
       </supports>
        <portlet-info>
               <title>StoreWithValidatorExceptionTestPortlet</title>
               <short-title>StoreWithValidatorExceptionTestPortlet</short-title>
        </portlet-info>
		<portlet-preferences>
			<preference>
				<name>preferredLanguage</name>
				<value>Java</value>
			</preference>
            <preferences-validator>com.sun.ts.tests.portlet.api.javax_portlet.PortletPreferences.ValidatorImplWithException</preferences-validator>
		</portlet-preferences>
    </portlet>

    <!-- *************************************************************** -->
    <!-- *                                                             * -->
    <!-- * Portlet: StoreIllegalStateExceptionTestPortlet  			   * -->
    <!-- *                                                             * -->
    <!-- *************************************************************** -->
    <portlet>
        <portlet-name>StoreIllegalStateExceptionTestPortlet</portlet-name>
        <portlet-class>com.sun.ts.tests.portlet.api.javax_portlet.PortletPreferences.StoreIllegalStateExceptionTestPortlet</portlet-class>
        <expiration-cache>0</expiration-cache>
       <supports>
         <mime-type>text/html</mime-type>
       </supports>
        <portlet-info>
               <title>StoreIllegalStateExceptionTestPortlet</title>
               <short-title>StoreIllegalStateExceptionTestPortlet</short-title>
        </portlet-info>
		<portlet-preferences>
			<preference>
				<name>preferredLanguage</name>
				<value>Java</value>
			</preference>
		</portlet-preferences>
    </portlet>

    <!-- *************************************************************** -->
    <!-- *                                                             * -->
    <!-- * Portlet: SetValueWithoutStoreTestPortlet                    * -->
    <!-- *                                                             * -->
    <!-- *************************************************************** -->
    <portlet>
        <portlet-name>SetValueWithoutStoreTestPortlet</portlet-name>
        <portlet-class>com.sun.ts.tests.portlet.api.javax_portlet.PortletPreferences.SetValueWithoutStoreTestPortlet</portlet-class>
        <expiration-cache>0</expiration-cache>
       <supports>
         <mime-type>text/html</mime-type>
       </supports>
        <portlet-info>
            <title>SetValueWithoutStoreTestPortlet</title>
            <short-title>SetValueWithoutStoreTestPortlet</short-title>
        </portlet-info>
		<portlet-preferences>
			<preference>
				<name>preferredLanguage</name>
				<value>Java</value>
			</preference>
		</portlet-preferences>
    </portlet>

    <!-- *************************************************************** -->
    <!-- *                                                             * -->
    <!-- * Portlet: SetValueThruProgramTestPortlet                     * -->
    <!-- *                                                             * -->
    <!-- *************************************************************** -->
    <portlet>
        <portlet-name>SetValueThruProgramTestPortlet</portlet-name>
        <portlet-class>com.sun.ts.tests.portlet.api.javax_portlet.PortletPreferences.SetValueThruProgramTestPortlet</portlet-class>
        <expiration-cache>0</expiration-cache>
       <supports>
         <mime-type>text/html</mime-type>
       </supports>
        <portlet-info>
           <title>SetValueThruProgramTestPortlet</title>
           <short-title>SetValueThruProgramTestPortlet</short-title>
        </portlet-info>
		<portlet-preferences>
			<preference>
				<name>preferredLanguage</name>
				<value>Java</value>
			</preference>
		</portlet-preferences>
    </portlet>

    <!-- *************************************************************** -->
    <!-- *                                                             * -->
    <!-- * Portlet: CheckPreferenceAttributeNullTestPortlet            * -->
    <!-- *                                                             * -->
    <!-- *************************************************************** -->
    <portlet>
        <portlet-name>CheckPreferenceAttributeNullTestPortlet</portlet-name>
        <portlet-class>com.sun.ts.tests.portlet.api.javax_portlet.PortletPreferences.CheckPreferenceAttributeNullTestPortlet</portlet-class>
        <expiration-cache>0</expiration-cache>
       <supports>
         <mime-type>text/html</mime-type>
       </supports>
        <portlet-info>
           <title>CheckPreferenceAttributeNullTestPortlet</title>
           <short-title>CheckPreferenceAttributeNullTestPortlet</short-title>
        </portlet-info>
		<portlet-preferences>
			<preference>
				<name>preferredLanguage</name>
				<value>Java</value>
			</preference>
		</portlet-preferences>
    </portlet>
</portlet-app>
