<?xml version="1.0" encoding="UTF-8"?>

<portlet-app id="portlet_jp_PortletException_web"
xmlns="http://java.sun.com/xml/ns/portlet/portlet-app_2_0.xsd" version="2.0"
xmlns:xsi="http://www.w3.org/2001/XMLSchema-instance"
xsi:schemaLocation="http://java.sun.com/xml/ns/portlet/portlet-app_2_0.xsd http://java.sun.com/xml/ns/portlet/portlet-app_2_0.xsd">





    <!-- *************************************************************** -->
    <!-- *                                                             * -->
    <!-- * Portlet Application specific                                * -->
    <!-- *                                                             * -->
    <!-- *************************************************************** -->
    
    
    
    
    
    <!-- *************************************************************** -->
    <!-- *                                                             * -->
    <!-- * Portlet: PortletExceptionCtr1TestPortlet      			   * -->
    <!-- *                                                             * -->
    <!-- *************************************************************** -->
    <portlet>
        <portlet-name>PortletExceptionCtr1TestPortlet</portlet-name>
        <portlet-class>com.sun.ts.tests.portlet.api.javax_portlet.PortletException.PortletExceptionCtr1TestPortlet</portlet-class>
        <expiration-cache>0</expiration-cache>
       <supports>
         <mime-type>text/html</mime-type>
       </supports>
        <portlet-info>
                <title>PortletExceptionCtr1TestPortlet</title>
                <short-title>PortletExceptionCtr1TestPortlet</short-title>
        </portlet-info>
    </portlet>


    <!-- *************************************************************** -->
    <!-- *                                                             * -->
    <!-- * Portlet: PortletExceptionCtr2TestPortlet                    * -->
    <!-- *                                                             * -->
    <!-- *************************************************************** -->
    <portlet>
        <portlet-name>PortletExceptionCtr2TestPortlet</portlet-name>
        <portlet-class>com.sun.ts.tests.portlet.api.javax_portlet.PortletException.PortletExceptionCtr2TestPortlet</portlet-class>
        <expiration-cache>0</expiration-cache>
       <supports>
         <mime-type>text/html</mime-type>
       </supports>
        <portlet-info>
                <title>PortletExceptionCtr2TestPortlet</title>
                <short-title>PortletExceptionCtr2TestPortlet</short-title>
        </portlet-info>
    </portlet>



    <!-- *************************************************************** -->
    <!-- *                                                             * -->
    <!-- * Portlet: PortletExceptionCtr3TestPortlet  				   * -->
    <!-- *                                                             * -->
    <!-- *************************************************************** -->
    <portlet>
        <portlet-name>PortletExceptionCtr3TestPortlet</portlet-name>
        <portlet-class>com.sun.ts.tests.portlet.api.javax_portlet.PortletException.PortletExceptionCtr3TestPortlet</portlet-class>
        <expiration-cache>0</expiration-cache>
       <supports>
         <mime-type>text/html</mime-type>
       </supports>
        <portlet-info>
                <title>PortletExceptionCtr3TestPortlet</title>
                <short-title>PortletExceptionCtr3TestPortlet</short-title>
        </portlet-info>
    </portlet>

    <!-- *************************************************************** -->
    <!-- *                                                             * -->
    <!-- * Portlet: PortletExceptionCtr4TestPortlet					   * -->
    <!-- *                                                             * -->
    <!-- *************************************************************** -->
    <portlet>
        <portlet-name>PortletExceptionCtr4TestPortlet</portlet-name>
        <portlet-class>com.sun.ts.tests.portlet.api.javax_portlet.PortletException.PortletExceptionCtr4TestPortlet</portlet-class>
        <expiration-cache>0</expiration-cache>
       <supports>
         <mime-type>text/html</mime-type>
       </supports>
        <portlet-info>
                <title>PortletExceptionCtr4TestPortlet</title>
                <short-title>PortletExceptionCtr4TestPortlet</short-title>
        </portlet-info>
    </portlet>

    <!-- *************************************************************** -->
    <!-- *                                                             * -->
    <!-- * Portlet: PrintStackTraceTestPortlet				   		   * -->
    <!-- *                                                             * -->
    <!-- *************************************************************** -->
    <portlet>
        <portlet-name>PrintStackTraceTestPortlet</portlet-name>
        <portlet-class>com.sun.ts.tests.portlet.api.javax_portlet.PortletException.PrintStackTraceTestPortlet</portlet-class>
        <expiration-cache>0</expiration-cache>
       <supports>
         <mime-type>text/html</mime-type>
       </supports>
        <portlet-info>
                <title>PrintStackTraceTestPortlet</title>
                <short-title>PrintStackTraceTestPortlet</short-title>
        </portlet-info>
    </portlet>

    <!-- *************************************************************** -->
    <!-- *                                                             * -->
    <!-- * Portlet: PrintStackTraceStreamTestPortlet				   * -->
    <!-- *                                                             * -->
    <!-- *************************************************************** -->
    <portlet>
        <portlet-name>PrintStackTraceStreamTestPortlet</portlet-name>
        <portlet-class>com.sun.ts.tests.portlet.api.javax_portlet.PortletException.PrintStackTraceStreamTestPortlet</portlet-class>
        <expiration-cache>0</expiration-cache>
       <supports>
         <mime-type>text/html</mime-type>
       </supports>
        <portlet-info>
                <title>PrintStackTraceStreamTestPortlet</title>
                <short-title>PrintStackTraceStreamTestPortlet</short-title>
        </portlet-info>
    </portlet>

    <!-- *************************************************************** -->
    <!-- *                                                             * -->
    <!-- * Portlet: PrintStackTraceWriterTestPortlet				   * -->
    <!-- *                                                             * -->
    <!-- *************************************************************** -->
    <portlet>
        <portlet-name>PrintStackTraceWriterTestPortlet</portlet-name>
        <portlet-class>com.sun.ts.tests.portlet.api.javax_portlet.PortletException.PrintStackTraceWriterTestPortlet</portlet-class>
        <expiration-cache>0</expiration-cache>
       <supports>
         <mime-type>text/html</mime-type>
       </supports>
        <portlet-info>
                <title>PrintStackTraceWriterTestPortlet</title>
                <short-title>PrintStackTraceWriterTestPortlet</short-title>
        </portlet-info>
    </portlet>

</portlet-app>
