<?xml version="1.0" encoding="UTF-8"?>

<portlet-app id="portlet_jp_PortletSession_privatescope_web"
xmlns="http://java.sun.com/xml/ns/portlet/portlet-app_1_0.xsd" version="1.0"
xmlns:xsi="http://www.w3.org/2001/XMLSchema-instance"
xsi:schemaLocation="http://java.sun.com/xml/ns/portlet/portlet-app_1_0.xsd http://java.sun.com/xml/ns/portlet/portlet-app_1_0.xsd">





    <!-- *************************************************************** -->
    <!-- *                                                             * -->
    <!-- * Portlet Application specific                                * -->
    <!-- *                                                             * -->
    <!-- *************************************************************** -->
    
    
    
    <!-- *************************************************************** -->
    <!-- *                                                             * -->
    <!-- * Portlet: RefreshPortlet                                     * -->
    <!-- *                                                             * -->
    <!-- *************************************************************** -->
    <portlet>
        <portlet-name>RefreshPortlet</portlet-name>
        <portlet-class>com.sun.ts.tests.portlet.common.portlet.RefreshPortlet</portlet-class>
        <expiration-cache>0</expiration-cache>
       <supports>
         <mime-type>text/html</mime-type>
       </supports>
        <portlet-info>
                <title>RefreshPortlet</title>
                <short-title>RefreshPortlet</short-title>
        </portlet-info>
    </portlet>

    <!-- *************************************************************** -->
    <!-- *                                                             * -->
    <!-- * Portlet: GetAttributeNullTestPortlet                  	   * -->
    <!-- *                                                             * -->
    <!-- *************************************************************** -->
    <portlet>
        <portlet-name>GetAttributeNullTestPortlet</portlet-name>
        <portlet-class>com.sun.ts.tests.portlet.api.javax_portlet.PortletSessionPrivatescope.GetAttributeNullTestPortlet</portlet-class>
        <expiration-cache>0</expiration-cache>
       <supports>
         <mime-type>text/html</mime-type>
       </supports>
        <portlet-info>
                <title>GetAttributeNullTestPortlet</title>
                <short-title>GetAttributeNullTestPortlet</short-title>
        </portlet-info>
    </portlet>

    <!-- *************************************************************** -->
    <!-- *                                                             * -->
    <!-- * Portlet: GetAttributeNamesTestPortlet                       * -->
    <!-- *                                                             * -->
    <!-- *************************************************************** -->
    <portlet>
        <portlet-name>GetAttributeNamesTestPortlet</portlet-name>
        <portlet-class>com.sun.ts.tests.portlet.api.javax_portlet.PortletSessionPrivatescope.GetAttributeNamesTestPortlet</portlet-class>
        <expiration-cache>0</expiration-cache>
       <supports>
         <mime-type>text/html</mime-type>
       </supports>
        <portlet-info>
                <title>GetAttributeNamesTestPortlet</title>
                <short-title>GetAttributeNamesTestPortlet</short-title>
        </portlet-info>
    </portlet>

    <!-- *************************************************************** -->
    <!-- *                                                             * -->
    <!-- * Portlet: GetAttributeNamesIllegalStateTestPortlet           * -->
    <!-- *                                                             * -->
    <!-- *************************************************************** -->
    <portlet>
        <portlet-name>GetAttributeNamesIllegalStateTestPortlet</portlet-name>
        <portlet-class>com.sun.ts.tests.portlet.api.javax_portlet.PortletSessionPrivatescope.GetAttributeNamesIllegalStateTestPortlet</portlet-class>
        <expiration-cache>0</expiration-cache>
       <supports>
         <mime-type>text/html</mime-type>
       </supports>
        <portlet-info>
            <title>GetAttributeNamesIllegalStateTestPortlet</title>
            <short-title>GetAttributeNamesIllegalStateTestPortlet</short-title>
        </portlet-info>
    </portlet>

    <!-- *************************************************************** -->
    <!-- *                                                             * -->
    <!-- * Portlet: GetAttributeTestPortlet                            * -->
    <!-- *                                                             * -->
    <!-- *************************************************************** -->
    <portlet>
        <portlet-name>GetAttributeTestPortlet</portlet-name>
        <portlet-class>com.sun.ts.tests.portlet.api.javax_portlet.PortletSessionPrivatescope.GetAttributeTestPortlet</portlet-class>
        <expiration-cache>0</expiration-cache>
       <supports>
         <mime-type>text/html</mime-type>
       </supports>
        <portlet-info>
                <title>GetAttributeTestPortlet</title>
                <short-title>GetAttributeTestPortlet</short-title>
        </portlet-info>
    </portlet>

    <!-- *************************************************************** -->
    <!-- *                                                             * -->
    <!-- * Portlet: GetAttributeIllegalStateTestPortlet                * -->
    <!-- *                                                             * -->
    <!-- *************************************************************** -->
    <portlet>
        <portlet-name>GetAttributeIllegalStateTestPortlet</portlet-name>
        <portlet-class>com.sun.ts.tests.portlet.api.javax_portlet.PortletSessionPrivatescope.GetAttributeIllegalStateTestPortlet</portlet-class>
        <expiration-cache>0</expiration-cache>
       <supports>
         <mime-type>text/html</mime-type>
       </supports>
        <portlet-info>
                <title>GetAttributeIllegalStateTestPortlet</title>
                <short-title>GetAttributeIllegalStateTestPortlet</short-title>
        </portlet-info>
    </portlet>

    <!-- *************************************************************** -->
    <!-- *                                                             * -->
    <!-- * Portlet: RemoveAttributeTestPortlet                         * -->
    <!-- *                                                             * -->
    <!-- *************************************************************** -->
    <portlet>
        <portlet-name>RemoveAttributeTestPortlet</portlet-name>
        <portlet-class>com.sun.ts.tests.portlet.api.javax_portlet.PortletSessionPrivatescope.RemoveAttributeTestPortlet</portlet-class>
        <expiration-cache>0</expiration-cache>
       <supports>
         <mime-type>text/html</mime-type>
       </supports>
        <portlet-info>
                <title>RemoveAttributeTestPortlet</title>
                <short-title>RemoveAttributeTestPortlet</short-title>
        </portlet-info>
    </portlet>

    <!-- *************************************************************** -->
    <!-- *                                                             * -->
    <!-- * Portlet: RemoveAttributeIllegalStateTestPortlet             * -->
    <!-- *                                                             * -->
    <!-- *************************************************************** -->
    <portlet>
        <portlet-name>RemoveAttributeIllegalStateTestPortlet</portlet-name>
        <portlet-class>com.sun.ts.tests.portlet.api.javax_portlet.PortletSessionPrivatescope.RemoveAttributeIllegalStateTestPortlet</portlet-class>
        <expiration-cache>0</expiration-cache>
       <supports>
         <mime-type>text/html</mime-type>
       </supports>
        <portlet-info>
                <title>RemoveAttributeIllegalStateTestPortlet</title>
                <short-title>RemoveAttributeIllegalStateTestPortlet</short-title>
        </portlet-info>
    </portlet>

    <!-- *************************************************************** -->
    <!-- *                                                             * -->
    <!-- * Portlet: SetAttributeTestPortlet                            * -->
    <!-- *                                                             * -->
    <!-- *************************************************************** -->
    <portlet>
        <portlet-name>SetAttributeTestPortlet</portlet-name>
        <portlet-class>com.sun.ts.tests.portlet.api.javax_portlet.PortletSessionPrivatescope.SetAttributeTestPortlet</portlet-class>
        <expiration-cache>0</expiration-cache>
       <supports>
         <mime-type>text/html</mime-type>
       </supports>
        <portlet-info>
                <title>SetAttributeTestPortlet </title>
                <short-title>SetAttributeTestPortlet </short-title>
        </portlet-info>
    </portlet>

    <!-- *************************************************************** -->
    <!-- *                                                             * -->
    <!-- * Portlet: SetAttributeIllegalStateTestPortlet                * -->
    <!-- *                                                             * -->
    <!-- *************************************************************** -->
    <portlet>
        <portlet-name>SetAttributeIllegalStateTestPortlet</portlet-name>
        <portlet-class>com.sun.ts.tests.portlet.api.javax_portlet.PortletSessionPrivatescope.SetAttributeIllegalStateTestPortlet</portlet-class>
        <expiration-cache>0</expiration-cache>
       <supports>
         <mime-type>text/html</mime-type>
       </supports>
        <portlet-info>
                <title>SetAttributeIllegalStateTestPortlet</title>
                <short-title>SetAttributeIllegalStateTestPortlet</short-title>
        </portlet-info>
    </portlet>

    <!-- *************************************************************** -->
    <!-- *                                                             * -->
    <!-- * Portlet: CheckSessionAttrInPrivateScopeTestPortlet          * -->
    <!-- *                                                             * -->
    <!-- *************************************************************** -->
    <portlet>
       <portlet-name>CheckSessionAttrInPrivateScopeTestPortlet</portlet-name>
       <portlet-class>com.sun.ts.tests.portlet.api.javax_portlet.PortletSessionPrivatescope.CheckSessionAttrInPrivateScopeTestPortlet</portlet-class>
        <expiration-cache>0</expiration-cache>
       <supports>
         <mime-type>text/html</mime-type>
       </supports>
        <portlet-info>
                <title>CheckSessionAttrInPrivateScopeTestPortlet</title>
                <short-title>CheckSessionAttrInPrivateScopeTestPortlet</short-title>
        </portlet-info>
    </portlet>

    <!-- *************************************************************** -->
    <!-- *                                                             * -->
    <!-- * Portlet: CheckSessionAttrInPrivateScopeTest_1_Portlet       * -->
    <!-- *                                                             * -->
    <!-- *************************************************************** -->
    <portlet>
       <portlet-name>CheckSessionAttrInPrivateScopeTest_1_Portlet</portlet-name>
       <portlet-class>com.sun.ts.tests.portlet.api.javax_portlet.PortletSessionPrivatescope.CheckSessionAttrInPrivateScopeTest_1_Portlet</portlet-class>
        <expiration-cache>0</expiration-cache>
       <supports>
         <mime-type>text/html</mime-type>
       </supports>
        <portlet-info>
                <title>CheckSessionAttrInPrivateScopeTest_1_Portlet</title>
                <short-title>CheckSessionAttrInPrivateScopeTest_1_Portlet</short-title>
        </portlet-info>
    </portlet>

    <!-- *************************************************************** -->
    <!-- *                                                             * -->
    <!-- * Portlet: CheckAttributeNameInPrivateScopeTestPortlet       * -->
    <!-- *                                                             * -->
    <!-- *************************************************************** -->
    <portlet>
       <portlet-name>CheckAttributeNameInPrivateScopeTestPortlet</portlet-name>
       <portlet-class>com.sun.ts.tests.portlet.api.javax_portlet.PortletSessionPrivatescope.CheckAttributeNameInPrivateScopeTestPortlet</portlet-class>
        <expiration-cache>0</expiration-cache>
       <supports>
         <mime-type>text/html</mime-type>
       </supports>
        <portlet-info>
                <title>CheckAttributeNameInPrivateScopeTestPortlet</title>
                <short-title>CheckAttributeNameInPrivateScopeTestPortlet</short-title>
        </portlet-info>
    </portlet>

</portlet-app>
