<?xml version="1.0" encoding="UTF-8"?>

<portlet-app id="portlet_jp_ValidatorException_web"
xmlns="http://java.sun.com/xml/ns/portlet/portlet-app_1_0.xsd" version="1.0"
xmlns:xsi="http://www.w3.org/2001/XMLSchema-instance"
xsi:schemaLocation="http://java.sun.com/xml/ns/portlet/portlet-app_1_0.xsd http://java.sun.com/xml/ns/portlet/portlet-app_1_0.xsd">





    <!-- *************************************************************** -->
    <!-- *                                                             * -->
    <!-- * Portlet Application specific                                * -->
    <!-- *                                                             * -->
    <!-- *************************************************************** -->
    
    
    
    <!-- *************************************************************** -->
    <!-- *                                                             * -->
    <!-- * Portlet:GetFailedKeysEmptyTestPortlet  		              * -->
    <!-- *                                                             * -->
    <!-- *************************************************************** -->
  	<portlet>
    	<portlet-name>GetFailedKeysEmptyTestPortlet</portlet-name>
    	<portlet-class>com.sun.ts.tests.portlet.api.javax_portlet.ValidatorException.GetFailedKeysEmptyTestPortlet</portlet-class>
        <expiration-cache>0</expiration-cache>
       <supports>
         <mime-type>text/html</mime-type>
       </supports>
        <portlet-info>
                <title>GetFailedKeysEmptyTestPortlet</title>
                <short-title>GetFailedKeysEmptyTestPortlet</short-title>
        </portlet-info>
  	</portlet>

    <!-- *************************************************************** -->
    <!-- *                                                             * -->
    <!-- * Portlet:ValidatorExceptionCtr1TestPortlet  		           * -->
    <!-- *                                                             * -->
    <!-- *************************************************************** -->
  	<portlet>
    	<portlet-name>ValidatorExceptionCtr1TestPortlet</portlet-name>
    	<portlet-class>com.sun.ts.tests.portlet.api.javax_portlet.ValidatorException.ValidatorExceptionCtr1TestPortlet</portlet-class>
        <expiration-cache>0</expiration-cache>
       <supports>
         <mime-type>text/html</mime-type>
       </supports>
        <portlet-info>
                <title>ValidatorExceptionCtr1TestPortlet</title>
                <short-title>ValidatorExceptionCtr1TestPortlet</short-title>
        </portlet-info>
  	</portlet>

    <!-- *************************************************************** -->
    <!-- *                                                             * -->
    <!-- * Portlet:ValidatorExceptionCtr2TestPortlet  		           * -->
    <!-- *                                                             * -->
    <!-- *************************************************************** -->
  	<portlet>
    	<portlet-name>ValidatorExceptionCtr2TestPortlet</portlet-name>
    	<portlet-class>com.sun.ts.tests.portlet.api.javax_portlet.ValidatorException.ValidatorExceptionCtr2TestPortlet</portlet-class>
        <expiration-cache>0</expiration-cache>
       <supports>
         <mime-type>text/html</mime-type>
       </supports>
        <portlet-info>
                <title>ValidatorExceptionCtr2TestPortlet</title>
                <short-title>ValidatorExceptionCtr2TestPortlet</short-title>
        </portlet-info>
  	</portlet>

    <!-- *************************************************************** -->
    <!-- *                                                             * -->
    <!-- * Portlet:ValidatorExceptionCtr3TestPortlet  		           * -->
    <!-- *                                                             * -->
    <!-- *************************************************************** -->
  	<portlet>
    	<portlet-name>ValidatorExceptionCtr3TestPortlet</portlet-name>
    	<portlet-class>com.sun.ts.tests.portlet.api.javax_portlet.ValidatorException.ValidatorExceptionCtr3TestPortlet</portlet-class>
        <expiration-cache>0</expiration-cache>
       <supports>
         <mime-type>text/html</mime-type>
       </supports>
        <portlet-info>
                <title>ValidatorExceptionCtr3TestPortlet</title>
                <short-title>ValidatorExceptionCtr3TestPortlet</short-title>
        </portlet-info>
  	</portlet>

</portlet-app>
