<?xml version="1.0" encoding="UTF-8"?>

<portlet-app id="portlet_jp_PortletConfigSecond_web"
xmlns="http://java.sun.com/xml/ns/portlet/portlet-app_2_0.xsd" version="2.0"
xmlns:xsi="http://www.w3.org/2001/XMLSchema-instance"
xsi:schemaLocation="http://java.sun.com/xml/ns/portlet/portlet-app_2_0.xsd http://java.sun.com/xml/ns/portlet/portlet-app_2_0.xsd">




    <!-- *************************************************************** -->
    <!-- *                                                             * -->
    <!-- * Portlet Application specific                                * -->
    <!-- *                                                             * -->
    <!-- *************************************************************** -->

    <!-- *************************************************************** -->
    <!-- *                                                             * -->
    <!-- * Portlet: GetDefaultXMLNamespaceTestPortlet	               * -->
    <!-- *                                                             * -->
    <!-- *************************************************************** -->
    <portlet>
        <portlet-name>GetDefaultXMLNamespaceTestPortlet</portlet-name>
        <portlet-class>com.sun.ts.tests.portlet.api.javax_portlet.PortletConfigSecond.GetDefaultXMLNamespaceTestPortlet</portlet-class>
        <expiration-cache>0</expiration-cache>
       <supports>
         <mime-type>text/html</mime-type>
       </supports>
        <portlet-info>
                <title>GetDefaultXMLNamespaceTestPortlet</title>
                <short-title>GetDefaultXMLNamespaceTestPortlet</short-title>
        </portlet-info>
    </portlet>
    
</portlet-app>
