<?xml version="1.0" encoding="UTF-8"?>

<portlet-app id="portlet_jp_ClassLoader_web"
xmlns="http://java.sun.com/xml/ns/portlet/portlet-app_1_0.xsd" version="1.0"
xmlns:xsi="http://www.w3.org/2001/XMLSchema-instance"
xsi:schemaLocation="http://java.sun.com/xml/ns/portlet/portlet-app_1_0.xsd http://java.sun.com/xml/ns/portlet/portlet-app_1_0.xsd">






    <!-- *************************************************************** -->
    <!-- *                                                             * -->
    <!-- * Portlet Application specific                                * -->
    <!-- *                                                             * -->
    <!-- *************************************************************** -->
    
    
    
    <!-- *************************************************************** -->
    <!-- *                                                             * -->
    <!-- * Portlet: GetResourceInJarTestPortlet                        * -->
    <!-- *                                                             * -->
    <!-- *************************************************************** -->
    <portlet>
        <portlet-name>GetResourceInJarTestPortlet</portlet-name>
        <portlet-class>com.sun.ts.tests.portlet.ee.ClassLoader.GetResourceInJarTestPortlet</portlet-class>
        <expiration-cache>0</expiration-cache>
       <supports>
         <mime-type>text/html</mime-type>
       </supports>
        <portlet-info>
                <title>GetResourceInJarTestPortlet</title>
                <short-title>GetResourceInJarTestPortlet</short-title>
        </portlet-info>
    </portlet>

</portlet-app>
