<?xml version="1.0" encoding="UTF-8"?>
<portlet-app id="portlet_jp_PortletContext_web"
xmlns="http://java.sun.com/xml/ns/portlet/portlet-app_2_0.xsd" version="2.0"
xmlns:xsi="http://www.w3.org/2001/XMLSchema-instance"
xsi:schemaLocation="http://java.sun.com/xml/ns/portlet/portlet-app_2_0.xsd http://java.sun.com/xml/ns/portlet/portlet-app_2_0.xsd">




    <!-- *************************************************************** -->
    <!-- *                                                             * -->
    <!-- * Portlet Application specific                                * -->
    <!-- *                                                             * -->
    <!-- *************************************************************** -->
    
    <!-- *************************************************************** -->
    <!-- *                                                             * -->
    <!-- * Portlet: GetAttributeIllegalArgumentExceptionTestPortlet    * -->
    <!-- *                                                             * -->
    <!-- *************************************************************** -->
    <portlet>
        <portlet-name>GetAttributeIllegalArgumentExceptionTestPortlet</portlet-name>
        <portlet-class>com.sun.ts.tests.portlet.api.javax_portlet.PortletContext.GetAttributeIllegalArgumentExceptionTestPortlet</portlet-class>
        <expiration-cache>0</expiration-cache>
       <supports>
         <mime-type>text/html</mime-type>
       </supports>
        <portlet-info>
                <title>GetAttributeIllegalArgumentExceptionTestPortlet</title>
                <short-title>GetAttributeIllegalArgumentExceptionTestPortlet</short-title>
        </portlet-info>
    </portlet>
    
    <!-- *************************************************************** -->
    <!-- *                                                             * -->
    <!-- * Portlet:GetAttributeTestPortlet                             * -->
    <!-- *                                                             * -->
    <!-- *************************************************************** -->
  	<portlet>
    	<portlet-name>GetAttributeTestPortlet</portlet-name>
    	<portlet-class>com.sun.ts.tests.portlet.api.javax_portlet.PortletContext.GetAttributeTestPortlet</portlet-class>
        <expiration-cache>0</expiration-cache>
       <supports>
         <mime-type>text/html</mime-type>
       </supports>
        <portlet-info>
                <title>GetAttributeTestPortlet</title>
                <short-title>GetAttributeTestPortlet</short-title>
        </portlet-info>
  	</portlet>

    <!-- *************************************************************** -->
    <!-- *                                                             * -->
    <!-- * Portlet:GetAttributeNullTestPortlet                         * -->
    <!-- *                                                             * -->
    <!-- *************************************************************** -->
  	<portlet>
    	<portlet-name>GetAttributeNullTestPortlet</portlet-name>
    	<portlet-class>com.sun.ts.tests.portlet.api.javax_portlet.PortletContext.GetAttributeNullTestPortlet</portlet-class>
        <expiration-cache>0</expiration-cache>
       <supports>
         <mime-type>text/html</mime-type>
       </supports>
        <portlet-info>
           <title>GetAttributeNullTestPortlet</title>
           <short-title>GetAttributeNullTestPortlet</short-title>
        </portlet-info>
  	</portlet>

    <!-- *************************************************************** -->
    <!-- *                                                             * -->
    <!-- * Portlet: GetAttributeNamesTestPortlet                       * -->
    <!-- *                                                             * -->
    <!-- *************************************************************** -->
  	<portlet>
    	<portlet-name>GetAttributeNamesTestPortlet</portlet-name>
    	<portlet-class>com.sun.ts.tests.portlet.api.javax_portlet.PortletContext.GetAttributeNamesTestPortlet</portlet-class>
        <expiration-cache>0</expiration-cache>
       <supports>
         <mime-type>text/html</mime-type>
       </supports>
        <portlet-info>
                <title>GetAttributeNamesTestPortlet</title>
                <short-title>GetAttributeNamesTestPortlet</short-title>
        </portlet-info>
  	</portlet>

    <!-- *************************************************************** -->
    <!-- *                                                             * -->
    <!-- * Portlet: GetInitParameterIllegalArgumentExceptionTestPortlet * -->
    <!-- *                                                             * -->
    <!-- *************************************************************** -->
    <portlet>
        <portlet-name>GetInitParameterIllegalArgumentExceptionTestPortlet</portlet-name>
        <portlet-class>com.sun.ts.tests.portlet.api.javax_portlet.PortletContext.GetInitParameterIllegalArgumentExceptionTestPortlet</portlet-class>
        <expiration-cache>0</expiration-cache>
       <supports>
         <mime-type>text/html</mime-type>
       </supports>
        <portlet-info>
                <title>GetInitParameterIllegalArgumentExceptionTestPortlet</title>
                <short-title>GetInitParameterIllegalArgumentExceptionTestPortlet</short-title>
        </portlet-info>
    </portlet>

    <!-- *************************************************-->
    <!-- *                                               * -->
    <!-- * Portlet: GetInitParameterTestPortlet          * -->
    <!-- *                                               * -->
    <!-- ************************************************* -->
  	<portlet>
    	<portlet-name>GetInitParameterTestPortlet</portlet-name>
    	<portlet-class>com.sun.ts.tests.portlet.api.javax_portlet.PortletContext.GetInitParameterTestPortlet</portlet-class>
        <expiration-cache>0</expiration-cache>
       <supports>
         <mime-type>text/html</mime-type>
       </supports>
        <portlet-info>
                <title>GetInitParameterTestPortlet</title>
                <short-title>GetInitParameterTestPortlet</short-title>
        </portlet-info>
  	</portlet>

    <!-- *************************************************************** -->
    <!-- *                                                             * -->
    <!-- * Portlet: GetInitParameterNullTestPortlet      * -->
    <!-- *                                                             * -->
    <!-- *************************************************************** -->
  	<portlet>
      <portlet-name>GetInitParameterNullTestPortlet</portlet-name>
      <portlet-class>com.sun.ts.tests.portlet.api.javax_portlet.PortletContext.GetInitParameterNullTestPortlet</portlet-class>
        <expiration-cache>0</expiration-cache>
       <supports>
         <mime-type>text/html</mime-type>
       </supports>
        <portlet-info>
           <title>GetInitParameterNullTestPortlet</title>
           <short-title>GetInitParameterNullTestPortlet</short-title>
        </portlet-info>
  	</portlet>


    <!-- *************************************************************** -->
    <!-- *                                                             * -->
    <!-- * Portlet: GetInitParameterNamesTestPortlet                   * -->
    <!-- *                                                             * -->
    <!-- *************************************************************** -->
  	<portlet>
    	<portlet-name>GetInitParameterNamesTestPortlet</portlet-name>
    	<portlet-class>com.sun.ts.tests.portlet.api.javax_portlet.PortletContext.GetInitParameterNamesTestPortlet</portlet-class>
        <expiration-cache>0</expiration-cache>
       <supports>
         <mime-type>text/html</mime-type>
       </supports>
        <portlet-info>
                <title>GetInitParameterNamesTestPortlet</title>
                <short-title>GetInitParameterNamesTestPortlet</short-title>
        </portlet-info>
  	</portlet>

    <!-- *************************************************************** -->
    <!-- *                                                             * -->
    <!-- * Portlet: GetMajorVersionTestPortlet                         * -->
    <!-- *                                                             * -->
    <!-- *************************************************************** -->
  	<portlet>
    	<portlet-name>GetMajorVersionTestPortlet</portlet-name>
    	<portlet-class>com.sun.ts.tests.portlet.api.javax_portlet.PortletContext.GetMajorVersionTestPortlet</portlet-class>
        <expiration-cache>0</expiration-cache>
       <supports>
         <mime-type>text/html</mime-type>
       </supports>
        <portlet-info>
                <title>GetMajorVersionTestPortlet</title>
                <short-title>GetMajorVersionTestPortlet</short-title>
        </portlet-info>
  	</portlet>


    <!-- *************************************************************** -->
    <!-- *                                                             * -->
    <!-- * Portlet: GetMimeTypeTestPortlet                             * -->
    <!-- *                                                             * -->
    <!-- *************************************************************** -->
  	<portlet>
    	<portlet-name>GetMimeTypeTestPortlet</portlet-name>
    	<portlet-class>com.sun.ts.tests.portlet.api.javax_portlet.PortletContext.GetMimeTypeTestPortlet</portlet-class>
        <expiration-cache>0</expiration-cache>
       <supports>
         <mime-type>text/html</mime-type>
       </supports>
        <portlet-info>
                <title>GetMimeTypeTestPortlet</title>
                <short-title>GetMimeTypeTestPortlet</short-title>
        </portlet-info>
  	</portlet>


    <!-- *************************************************************** -->
    <!-- *                                                             * -->
    <!-- * Portlet: GetMinorVersionTestPortlet                         * -->
    <!-- *                                                             * -->
    <!-- *************************************************************** -->
  	<portlet>
    	<portlet-name>GetMinorVersionTestPortlet</portlet-name>
    	<portlet-class>com.sun.ts.tests.portlet.api.javax_portlet.PortletContext.GetMinorVersionTestPortlet</portlet-class>
        <expiration-cache>0</expiration-cache>
       <supports>
         <mime-type>text/html</mime-type>
       </supports>
        <portlet-info>
                <title>GetMinorVersionTestPortlet</title>
                <short-title>GetMinorVersionTestPortlet</short-title>
        </portlet-info>
  	</portlet>


    <!-- *************************************************************** -->
    <!-- *                                                             * -->
    <!-- * Portlet: GetNamedDispatcherTestPortlet                      * -->
    <!-- *                                                             * -->
    <!-- *************************************************************** -->
  	<portlet>
    	<portlet-name>GetNamedDispatcherTestPortlet</portlet-name>
    	<portlet-class>com.sun.ts.tests.portlet.api.javax_portlet.PortletContext.GetNamedDispatcherTestPortlet</portlet-class>
        <expiration-cache>0</expiration-cache>
       <supports>
         <mime-type>text/html</mime-type>
       </supports>
        <portlet-info>
                <title>GetNamedDispatcherTestPortlet</title>
                <short-title>GetNamedDispatcherTestPortlet</short-title>
        </portlet-info>
  	</portlet>

    <!-- *************************************************************** -->
    <!-- *                                                             * -->
    <!-- * Portlet: GetRealPathTestPortlet                             * -->
    <!-- *                                                             * -->
    <!-- *************************************************************** -->
  	<portlet>
    	<portlet-name>GetRealPathTestPortlet</portlet-name>
    	<portlet-class>com.sun.ts.tests.portlet.api.javax_portlet.PortletContext.GetRealPathTestPortlet</portlet-class>
        <expiration-cache>0</expiration-cache>
       <supports>
         <mime-type>text/html</mime-type>
       </supports>
        <portlet-info>
                <title>GetRealPathTestPortlet</title>
                <short-title>GetRealPathTestPortlet</short-title>
        </portlet-info>
  	</portlet>

    <!-- *************************************************************** -->
    <!-- *                                                             * -->
    <!-- * Portlet: GetRequestDispatcherTestPortlet					   * -->
    <!-- *                                                             * -->
    <!-- *************************************************************** -->
  	<portlet>
    	<portlet-name>GetRequestDispatcherTestPortlet</portlet-name>
    	<portlet-class>com.sun.ts.tests.portlet.api.javax_portlet.PortletContext.GetRequestDispatcherTestPortlet</portlet-class>
        <expiration-cache>0</expiration-cache>
       <supports>
         <mime-type>text/html</mime-type>
       </supports>
        <portlet-info>
                <title>GetRequestDispatcherTestPortlet</title>
                <short-title>GetRequestDispatcherTestPortlet</short-title>
        </portlet-info>
  	</portlet>

    <!-- *************************************************************** -->
    <!-- *                                                             * -->
    <!-- * Portlet: GetRequestDispatcherNullTestPortlet					   * -->
    <!-- *                                                             * -->
    <!-- *************************************************************** -->
    <portlet>
        <portlet-name>GetRequestDispatcherNullTestPortlet</portlet-name>
        <portlet-class>com.sun.ts.tests.portlet.api.javax_portlet.PortletContext.GetRequestDispatcherNullTestPortlet</portlet-class>
        <expiration-cache>0</expiration-cache>
       <supports>
         <mime-type>text/html</mime-type>
       </supports>
        <portlet-info>
                <title>GetRequestDispatcherNullTestPortlet</title>
                <short-title>GetRequestDispatcherNullTestPortlet</short-title>
        </portlet-info>
    </portlet>

    <!-- *************************************************************** -->
    <!-- *                                                             * -->
    <!-- * Portlet: GetResourceTestPortlet                             * -->
    <!-- *                                                             * -->
    <!-- *************************************************************** -->
  	<portlet>
    	<portlet-name>GetResourceTestPortlet</portlet-name>
    	<portlet-class>com.sun.ts.tests.portlet.api.javax_portlet.PortletContext.GetResourceTestPortlet</portlet-class>
        <expiration-cache>0</expiration-cache>
       <supports>
         <mime-type>text/html</mime-type>
       </supports>
        <portlet-info>
                <title>GetResourceTestPortlet</title>
                <short-title>GetResourceTestPortlet</short-title>
        </portlet-info>
  	</portlet>

    <!-- *************************************************************** -->
    <!-- *                                                             * -->
    <!-- * Portlet: GetResourceNullTestPortlet                         * -->
    <!-- *                                                             * -->
    <!-- *************************************************************** -->
  	<portlet>
    	<portlet-name>GetResourceNullTestPortlet</portlet-name>
    	<portlet-class>com.sun.ts.tests.portlet.api.javax_portlet.PortletContext.GetResourceNullTestPortlet</portlet-class>
        <expiration-cache>0</expiration-cache>
       <supports>
         <mime-type>text/html</mime-type>
       </supports>
        <portlet-info>
                <title>GetResourceNullTestPortlet</title>
                <short-title>GetResourceNullTestPortlet</short-title>
        </portlet-info>
  	</portlet>

    <!-- *************************************************************** -->
    <!-- *                                                             * -->
    <!-- * Portlet: GetResourceMalformedURLExceptionTestPortlet        * -->
    <!-- *                                                             * -->
    <!-- *************************************************************** -->
  	<portlet>
    	<portlet-name>GetResourceMalformedURLExceptionTestPortlet</portlet-name>
    	<portlet-class>com.sun.ts.tests.portlet.api.javax_portlet.PortletContext.GetResourceMalformedURLExceptionTestPortlet</portlet-class>
        <expiration-cache>0</expiration-cache>
       <supports>
         <mime-type>text/html</mime-type>
       </supports>
        <portlet-info>
          <title>GetResourceMalformedURLExceptionTestPortlet</title>
          <short-title>GetResourceMalformedURLExceptionTestPortlet</short-title>
        </portlet-info>
  	</portlet>


    <!-- *************************************************************** -->
    <!-- *                                                             * -->
    <!-- * Portlet: GetResourceAsStreamTestPortlet                     * -->
    <!-- *                                                             * -->
    <!-- *************************************************************** -->
  	<portlet>
    	<portlet-name>GetResourceAsStreamTestPortlet</portlet-name>
    	<portlet-class>com.sun.ts.tests.portlet.api.javax_portlet.PortletContext.GetResourceAsStreamTestPortlet</portlet-class>
        <expiration-cache>0</expiration-cache>
       <supports>
         <mime-type>text/html</mime-type>
       </supports>
        <portlet-info>
                <title>GetResourceAsStreamTestPortlet</title>
                <short-title>GetResourceAsStreamTestPortlet</short-title>
        </portlet-info>
  	</portlet>

    <!-- *************************************************************** -->
    <!-- *                                                             * -->
    <!-- * Portlet: GetResourcePathsTestPortlet                        * -->
    <!-- *                                                             * -->
    <!-- *************************************************************** -->
  	<portlet>
    	<portlet-name>GetResourcePathsTestPortlet</portlet-name>
    	<portlet-class>com.sun.ts.tests.portlet.api.javax_portlet.PortletContext.GetResourcePathsTestPortlet</portlet-class>
        <expiration-cache>0</expiration-cache>
       <supports>
         <mime-type>text/html</mime-type>
       </supports>
        <portlet-info>
                <title>GetResourcePathsTestPortlet</title>
                <short-title>GetResourcePathsTestPortlet</short-title>
        </portlet-info>
  	</portlet>

    <!-- *************************************************************** -->
    <!-- *                                                             * -->
    <!-- * Portlet: GetServerInfoTestPortlet						   * -->
    <!-- *                                                             * -->
    <!-- *************************************************************** -->
  	<portlet>
    	<portlet-name>GetServerInfoTestPortlet</portlet-name>
    	<portlet-class>com.sun.ts.tests.portlet.api.javax_portlet.PortletContext.GetServerInfoTestPortlet</portlet-class>
        <expiration-cache>0</expiration-cache>
       <supports>
         <mime-type>text/html</mime-type>
       </supports>
        <portlet-info>
                <title>GetServerInfoTestPortlet</title>
                <short-title>GetServerInfoTestPortlet</short-title>
        </portlet-info>
  	</portlet>

    <!-- *************************************************************** -->
    <!-- *                                                             * -->
    <!-- * Portlet: RemoveAttributeIllegalArgumentExceptionTestPortlet * -->
    <!-- *                                                             * -->
    <!-- *************************************************************** -->
    <portlet>
        <portlet-name>RemoveAttributeIllegalArgumentExceptionTestPortlet</portlet-name>
        <portlet-class>com.sun.ts.tests.portlet.api.javax_portlet.PortletContext.RemoveAttributeIllegalArgumentExceptionTestPortlet</portlet-class>
        <expiration-cache>0</expiration-cache>
       <supports>
         <mime-type>text/html</mime-type>
       </supports>
        <portlet-info>
                <title>RemoveAttributeIllegalArgumentExceptionTestPortlet</title>
                <short-title>RemoveAttributeIllegalArgumentExceptionTestPortlet</short-title>
        </portlet-info>
    </portlet>

    <!-- *************************************************************** -->
    <!-- *                                                             * -->
    <!-- * Portlet: RemoveAttributeTestPortlet                         * -->
    <!-- *                                                             * -->
    <!-- *************************************************************** -->
  	<portlet>
    	<portlet-name>RemoveAttributeTestPortlet</portlet-name>
    	<portlet-class>com.sun.ts.tests.portlet.api.javax_portlet.PortletContext.RemoveAttributeTestPortlet</portlet-class>
        <expiration-cache>0</expiration-cache>
       <supports>
         <mime-type>text/html</mime-type>
       </supports>
        <portlet-info>
                <title>RemoveAttributeTestPortlet</title>
                <short-title>RemoveAttributeTestPortlet</short-title>
        </portlet-info>
  	</portlet>

    <!-- *************************************************************** -->
    <!-- *                                                             * -->
    <!-- * Portlet: SetAttributeIllegalArgumentExceptionTestPortlet    * -->
    <!-- *                                                             * -->
    <!-- *************************************************************** -->
    <portlet>
        <portlet-name>SetAttributeIllegalArgumentExceptionTestPortlet</portlet-name>
        <portlet-class>com.sun.ts.tests.portlet.api.javax_portlet.PortletContext.SetAttributeIllegalArgumentExceptionTestPortlet</portlet-class>
        <expiration-cache>0</expiration-cache>
       <supports>
         <mime-type>text/html</mime-type>
       </supports>
        <portlet-info>
                <title>SetAttributeIllegalArgumentExceptionTestPortlet</title>
                <short-title>SetAttributeIllegalArgumentExceptionTestPortlet</short-title>
        </portlet-info>
    </portlet>

    <!-- *************************************************************** -->
    <!-- *                                                             * -->
    <!-- * Portlet: SetAttributeTestPortlet                            * -->
    <!-- *                                                             * -->
    <!-- *************************************************************** -->
  	<portlet>
    	<portlet-name>SetAttributeTestPortlet</portlet-name>
    	<portlet-class>com.sun.ts.tests.portlet.api.javax_portlet.PortletContext.SetAttributeTestPortlet</portlet-class>
        <expiration-cache>0</expiration-cache>
       <supports>
         <mime-type>text/html</mime-type>
       </supports>
        <portlet-info>
                <title>SetAttributeTestPortlet</title>
                <short-title>SetAttributeTestPortlet</short-title>
        </portlet-info>
  	</portlet>

    <!-- *************************************************************** -->
    <!-- *                                                             * -->
    <!-- * Portlet: CompareInitParamsInPortletAndServletTestPortlet    * -->
    <!-- *                                                             * -->
    <!-- *************************************************************** -->
  	<portlet>
        <portlet-name>CompareInitParamsInPortletAndServletTestPortlet</portlet-name>
    	<portlet-class>com.sun.ts.tests.portlet.api.javax_portlet.PortletContext.CompareInitParamsInPortletAndServletTestPortlet</portlet-class>
        <expiration-cache>0</expiration-cache>
       <supports>
         <mime-type>text/html</mime-type>
       </supports>
        <portlet-info>
                <title>CompareInitParamsInPortletAndServletTestPortlet</title>
                <short-title>CompareInitParamsInPortletAndServletTestPortlet</short-title>
        </portlet-info>
  	</portlet>

    <!-- *************************************************************** -->
    <!-- *                                                             * -->
    <!-- * Portlet: CompareContextAttrInPortletAndServletTestPortlet   * -->
    <!-- *                                                             * -->
    <!-- *************************************************************** -->
  	<portlet>
        <portlet-name>CompareContextAttrInPortletAndServletTestPortlet</portlet-name>
    	<portlet-class>com.sun.ts.tests.portlet.api.javax_portlet.PortletContext.CompareContextAttrInPortletAndServletTestPortlet</portlet-class>
        <expiration-cache>0</expiration-cache>
       <supports>
         <mime-type>text/html</mime-type>
       </supports>
        <portlet-info>
           <title>CompareContextAttrInPortletAndServletTestPortlet</title>
           <short-title>CompareContextAttrInPortletAndServletTestPortlet</short-title>
        </portlet-info>
  	</portlet>

    <!-- *************************************************************** -->
    <!-- *                                                             * -->
    <!-- * Portlet: CompareContextAttrInServletAndPortletTestPortlet   * -->
    <!-- *                                                             * -->
    <!-- *************************************************************** -->
  	<portlet>
        <portlet-name>CompareContextAttrInServletAndPortletTestPortlet</portlet-name>
    	<portlet-class>com.sun.ts.tests.portlet.api.javax_portlet.PortletContext.CompareContextAttrInServletAndPortletTestPortlet</portlet-class>
        <expiration-cache>0</expiration-cache>
       <supports>
         <mime-type>text/html</mime-type>
       </supports>
        <portlet-info>
           <title>CompareContextAttrInServletAndPortletTestPortlet</title>
           <short-title>CompareContextAttrInServletAndPortletTestPortlet</short-title>
        </portlet-info>
  	</portlet>

    <!-- *************************************************************** -->
    <!-- *                                                             * -->
    <!-- * Portlet: GetContextAttrForTempDirTestPortlet                * -->
    <!-- *                                                             * -->
    <!-- *************************************************************** -->
  	<portlet>
        <portlet-name>GetContextAttrForTempDirTestPortlet</portlet-name>
    	<portlet-class>com.sun.ts.tests.portlet.api.javax_portlet.PortletContext.GetContextAttrForTempDirTestPortlet</portlet-class>
        <expiration-cache>0</expiration-cache>
       <supports>
         <mime-type>text/html</mime-type>
       </supports>
        <portlet-info>
           <title>GetContextAttrForTempDirTestPortlet</title>
           <short-title>GetContextAttrForTempDirTestPortlet</short-title>
        </portlet-info>
  	</portlet>

    <!-- *************************************************************** -->
    <!-- *                                                             * -->
    <!-- * Portlet: GetPortletContextNameTestPortlet                   * -->
    <!-- *                                                             * -->
    <!-- *************************************************************** -->
  	<portlet>
        <portlet-name>GetPortletContextNameTestPortlet</portlet-name>
    	<portlet-class>com.sun.ts.tests.portlet.api.javax_portlet.PortletContext.GetPortletContextNameTestPortlet</portlet-class>
        <expiration-cache>0</expiration-cache>
       <supports>
         <mime-type>text/html</mime-type>
       </supports>
        <portlet-info>
           <title>GetPortletContextNameTestPortlet</title>
           <short-title>GetPortletContextNameTestPortlet</short-title>
        </portlet-info>
  	</portlet>

</portlet-app>
