<?xml version="1.0" encoding="UTF-8"?>
<javax.portlet xmlns:tns="http://www.example.org/portletSignature_2_0" xmlns:xsi="http://www.w3.org/2001/XMLSchema-instance" xsi:schemaLocation="http://www.example.org/portletSignature_2_0 portletSignature_2_0.xsd ">

	<class>
		<Name>ActionRequest</Name>
		<type>interface</type>
		<SuperClass>javax.portlet.ClientDataRequest</SuperClass>
		<Field>public static final java.lang.String ACTION_NAME</Field>
	</class>

	<class>
		<Name>ActionResponse</Name>
		<type>interface</type>
		<SuperClass>javax.portlet.StateAwareResponse</SuperClass>
		<Method>
			<Head>public void sendRedirect(java.lang.String)</Head>
			<Throws>java.io.IOException</Throws>
		</Method>
		<Method>
			<Head>public void sendRedirect(java.lang.String,java.lang.String)</Head>
			<Throws>java.io.IOException</Throws>
		</Method>
	</class>

	<class>
		<Name>ClientDataRequest</Name>
		<type>interface</type>
		<SuperClass>javax.portlet.PortletRequest</SuperClass>
	    <Method>
	    	<Head>public java.io.InputStream getPortletInputStream()</Head>
	    	<Throws>java.io.IOException</Throws>
	    </Method>
	    <Method>
	    	<Head>public void setCharacterEncoding(java.lang.String)</Head>
	    	<Throws>java.io.UnsupportedEncodingException</Throws>
	    </Method>
	    <Method>
	    	<Head>public java.io.BufferedReader getReader()</Head>
	    	<Throws>java.io.UnsupportedEncodingException</Throws>
	    	<Throws>java.io.IOException</Throws>
	    </Method>
	    <Method>
	    	<Head>public java.lang.String getCharacterEncoding()</Head>
	    </Method>
	    <Method>
	    	<Head>public java.lang.String getContentType()</Head>
	    </Method>
	    <Method>
	    	<Head>public int getContentLength()</Head>
	    </Method>
	    <Method>
	    	<Head>public java.lang.String getMethod()</Head>
	    </Method>
	</class>

	<class>
	    <Name>BaseURL</Name>
		<type>interface</type>
		<Method>
			<Head>public void setParameter(java.lang.String,java.lang.String)</Head>
		</Method>
	    <Method>
	    	<Head>public void setParameter(java.lang.String,java.lang.String[])</Head>
	    </Method>
	    <Method>
	    	<Head>public void setParameters(java.util.Map)</Head>
	    </Method>
	    <Method>
	    	<Head>public void setSecure(boolean)</Head>
	    	<Throws>javax.portlet.PortletSecurityException</Throws>
	    </Method>
	    <Method>
	    	<Head>public java.lang.String toString()</Head>
	    </Method>
	    <Method>
	    	<Head>public java.util.Map getParameterMap()</Head>
	    </Method>
	    <Method>
	    	<Head>public void write(java.io.Writer)</Head>
	    	<Throws>java.io.IOException</Throws>
	    </Method>
	    <Method>
	    	<Head>public void write(java.io.Writer,boolean)</Head>
	    	<Throws>java.io.IOException</Throws>
	    </Method>
	    <Method>
	    	<Head>public void addProperty(java.lang.String,java.lang.String)</Head>
	    </Method>
	    <Method>
	    	<Head>public void setProperty(java.lang.String,java.lang.String)</Head>
	    </Method>
	</class>

	<class>
		<Name>CacheControl</Name>
		<type>interface</type>
	    <Method>
	    	<Head>public int getExpirationTime()</Head>
	    </Method>
	    <Method>
	    	<Head>public void setExpirationTime(int)</Head>
	    </Method>
	    <Method>
	    	<Head>public boolean isPublicScope()</Head>
	    </Method>
	    <Method>
	    	<Head>public void setPublicScope(boolean)</Head>
	    </Method>
	    <Method>
	    	<Head>public java.lang.String getETag()</Head>
	    </Method>
	    <Method>
	    	<Head>public void setETag(java.lang.String)</Head>
	    </Method>
	    <Method>
	    	<Head>public boolean useCachedContent()</Head>
	    </Method>
	    <Method>
	    	<Head>public void setUseCachedContent(boolean)</Head>
	    </Method>
    </class>

	<class>
		<Name>EventPortlet</Name>
		<type>interface</type>
    	<Method>
    		<Head>public abstract void processEvent(javax.portlet.EventRequest,javax.portlet.EventResponse)</Head>
    		<Throws>javax.portlet.PortletException</Throws>
    		<Throws>java.io.IOException</Throws>
    	</Method>
    </class>

	<class>
		<Name>GenericPortlet</Name>
		<type>abstract</type>
		<implements>javax.portlet.Portlet</implements>
		<implements>javax.portlet.PortletConfig</implements>
		<implements>javax.portlet.EventPortlet</implements>
		<implements>javax.portlet.ResourceServingPortlet</implements>
		<Method>
			<Head>public GenericPortlet()</Head>
		</Method>
		<Method>
			<Head>public void init(javax.portlet.PortletConfig)</Head>
			<Throws>javax.portlet.PortletException</Throws>
		</Method>
		<Method>
			<Head>public void init()</Head>
			<Throws>javax.portlet.PortletException</Throws>
		</Method>
		<Method>
			<Head>public void processAction(javax.portlet.ActionRequest,javax.portlet.ActionResponse)</Head>
			<Throws>javax.portlet.PortletException</Throws>
			<Throws>java.io.IOException</Throws>
		</Method>
		<Method>
			<Head>public void render(javax.portlet.RenderRequest,javax.portlet.RenderResponse)</Head>
			<Throws>javax.portlet.PortletException</Throws>
			<Throws>java.io.IOException</Throws>
		</Method>
		<Method>
			<Head>protected java.lang.String getTitle(javax.portlet.RenderRequest)</Head>
		</Method>
		<Method>
			<Head>protected void doDispatch(javax.portlet.RenderRequest,javax.portlet.RenderResponse)</Head>
			<Throws>javax.portlet.PortletException</Throws>
			<Throws>java.io.IOException</Throws>
		</Method>
		<Method>
			<Head>protected void doView(javax.portlet.RenderRequest,javax.portlet.RenderResponse)</Head>
			<Throws>javax.portlet.PortletException</Throws>
			<Throws>java.io.IOException</Throws>
		</Method>
		<Method>
			<Head>protected void doEdit(javax.portlet.RenderRequest,javax.portlet.RenderResponse)</Head>
			<Throws>javax.portlet.PortletException</Throws>
			<Throws>java.io.IOException</Throws>
		</Method>
		<Method>
			<Head>protected void doHelp(javax.portlet.RenderRequest,javax.portlet.RenderResponse)</Head>
			<Throws>javax.portlet.PortletException</Throws>
			<Throws>java.io.IOException</Throws>
		</Method>
		<Method>
			<Head>public javax.portlet.PortletConfig getPortletConfig()</Head>
		</Method>
		<Method>
			<Head>public void destroy()</Head>
		</Method>
		<Method>
			<Head>public java.lang.String getPortletName()</Head>
		</Method>
		<Method>
			<Head>public javax.portlet.PortletContext getPortletContext()</Head>
		</Method>
		<Method>
			<Head>public java.util.ResourceBundle getResourceBundle(java.util.Locale)</Head>
		</Method>
		<Method>
			<Head>public java.lang.String getInitParameter(java.lang.String)</Head>
		</Method>
		<Method>
			<Head>public java.util.Enumeration getInitParameterNames()</Head>
		</Method>
		<Method>
			<Head>public java.util.Enumeration getProcessingEventQNames()</Head>
		</Method>
		<Method>
			<Head>public java.util.Enumeration getPublishingEventQNames()</Head>
		</Method>
		<Method>
			<Head>public java.util.Enumeration getSupportedLocales()</Head>
		</Method>
		<Method>
			<Head>public java.util.Map getContainerRuntimeOptions()</Head>
		</Method>
		<Method>
			<Head>public void serveResource(javax.portlet.ResourceRequest,javax.portlet.ResourceResponse)</Head>
			<Throws>javax.portlet.PortletException</Throws>
			<Throws>java.io.IOException</Throws>
		</Method>
		<Method>
			<Head>public void processEvent(javax.portlet.EventRequest,javax.portlet.EventResponse)</Head>
			<Throws>javax.portlet.PortletException</Throws>
			<Throws>java.io.IOException</Throws>
		</Method>
		<Method>
			<Head>protected void doHeaders(javax.portlet.RenderRequest,javax.portlet.RenderResponse)</Head>
		</Method>
		<Method>
			<Head>protected java.util.Collection getNextPossiblePortletModes(javax.portlet.RenderRequest)</Head>
		</Method>
		<Method>
			<Head>public java.util.Enumeration getPublicRenderParameterNames()</Head>
		</Method>
		<Method>
			<Head>public java.lang.String getDefaultNamespace()</Head>
		</Method>
	</class>

	<class>
		<Name>MimeResponse</Name>
		<type>abstract</type>
		<SuperClass>javax.portlet.PortletResponse</SuperClass>
	    <Field>public static final java.lang.String EXPIRATION_CACHE</Field>
	    <Field>public static final java.lang.String CACHE_SCOPE</Field>
	    <Field>public static final java.lang.String PUBLIC_SCOPE</Field>
	    <Field>public static final java.lang.String PRIVATE_SCOPE</Field>
	    <Field>public static final java.lang.String ETAG</Field>
	    <Field>public static final java.lang.String USE_CACHED_CONTENT</Field>
	    <Field>public static final java.lang.String NAMESPACED_RESPONSE</Field>
	    <Field>public static final java.lang.String MARKUP_HEAD_ELEMENT</Field>
	    <Method>
	    	<Head>public java.lang.String getContentType()</Head>
	    </Method>
	    <Method>
	    	<Head>public void setContentType(java.lang.String)</Head>
	    </Method>
	    <Method>
	    	<Head>public java.lang.String getCharacterEncoding()</Head>
	    </Method>
	    <Method>
	    	<Head>public java.io.PrintWriter getWriter()</Head>
	    	<Throws>java.io.IOException</Throws>
	    </Method>
	    <Method>
	    	<Head>public java.util.Locale getLocale()</Head>
	    </Method>
	    <Method>
	    	<Head>public void setBufferSize(int)</Head>
	    </Method>
	    <Method>
	    	<Head>public int getBufferSize()</Head>
	    </Method>
	    <Method>
	    	<Head>public void flushBuffer()</Head>
	    	<Throws>java.io.IOException</Throws>
	    </Method>
	    <Method>
	    	<Head>public void resetBuffer()</Head>
	    </Method>
	    <Method>
	    	<Head>public boolean isCommitted()</Head>
	    </Method>
	    <Method>
	    	<Head>public void reset()</Head>
	    </Method>
	    <Method>
	    	<Head>public java.io.OutputStream getPortletOutputStream()</Head>
	    	<Throws>java.io.IOException</Throws>
	    </Method>
		<Method>
			<Head>public javax.portlet.PortletURL createRenderURL()</Head>
		</Method>
		<Method>
			<Head>public javax.portlet.PortletURL createActionURL()</Head>
		</Method>
		<Method>
			<Head>public javax.portlet.ResourceURL createResourceURL()</Head>
		</Method>
	    <Method>
	    	<Head>public javax.portlet.CacheControl getCacheControl()</Head>
	    </Method>
    </class>
    
    <class>
		<Name>PortalContext</Name>
		<type>interface</type>
		<Field>public static final java.lang.String MARKUP_HEAD_ELEMENT_SUPPORT</Field>
		<Method>
			<Head>public java.lang.String getProperty(java.lang.String)</Head>
		</Method>
		<Method>
			<Head>public java.util.Enumeration getPropertyNames()</Head>
		</Method>
		<Method>
			<Head>public java.util.Enumeration getSupportedPortletModes()</Head>
		</Method>
		<Method>
			<Head>public java.util.Enumeration getSupportedWindowStates()</Head>
		</Method>
		<Method>
			<Head>public java.lang.String getPortalInfo()</Head>
		</Method>
	</class>
	
	<class>
		<Name>Portlet</Name>
		<type>interface</type>
		<Method>
			<Head>public abstract void init(javax.portlet.PortletConfig)</Head>
			<Throws>javax.portlet.PortletException</Throws>
		</Method>
		<Method>
			<Head>public abstract void processAction(javax.portlet.ActionRequest,javax.portlet.ActionResponse)</Head>
			<Throws>javax.portlet.PortletException</Throws>
			<Throws>java.io.IOException</Throws>
		</Method>
		<Method>
			<Head>public abstract void render(javax.portlet.RenderRequest,javax.portlet.RenderResponse)</Head>
			<Throws>javax.portlet.PortletException</Throws>
			<Throws>java.io.IOException</Throws>
		</Method>
		<Method>
			<Head>public abstract void destroy()</Head>
		</Method>
	</class>
	
	<class>
		<Name>PortletConfig</Name>
		<type>interface</type>
		<Method>
			<Head>public java.lang.String getPortletName()</Head>
		</Method>
		<Method>
			<Head>public javax.portlet.PortletContext getPortletContext()</Head>
		</Method>
		<Method>
			<Head>public java.util.ResourceBundle getResourceBundle(java.util.Locale)</Head>
		</Method>
		<Method>
			<Head>public java.lang.String getInitParameter(java.lang.String)</Head>
		</Method>
		<Method>
			<Head>public java.util.Enumeration getInitParameterNames()</Head>
		</Method>
		<Method>
			<Head>public java.util.Enumeration getPublicRenderParameterNames()</Head>
		</Method>
		<Method>
			<Head>public java.lang.String getDefaultNamespace()</Head>
		</Method>
		<Method>
			<Head>public java.util.Enumeration getPublishingEventQNames()</Head>
		</Method>
		<Method>
			<Head>public java.util.Enumeration getProcessingEventQNames()</Head>
		</Method>
		<Method>
			<Head>public java.util.Enumeration getSupportedLocales()</Head>
		</Method>
		<Method>
			<Head>public java.util.Map getContainerRuntimeOptions()</Head>
		</Method>
	</class>
	
	<class>
		<Name>PortletException</Name>
		<type>class</type>
		<SuperClass>java.lang.Exception</SuperClass>
		<Method>
			<Head>public PortletException(java.lang.String)</Head>
		</Method>
		<Method>
			<Head>public PortletException(java.lang.String,java.lang.Throwable)</Head>
		</Method>
		<Method>
			<Head>public PortletException(java.lang.Throwable)</Head>
		</Method>
	</class>

	<class>
		<Name>PortletMode</Name>
		<type>class</type>
		<Field>public static final javax.portlet.PortletMode.VIEW</Field>
		<Field>public static final javax.portlet.PortletMode.EDIT</Field>
		<Field>public static final javax.portlet.PortletMode.HELP</Field>
		<Method>
			<Head>public PortletMode(java.lang.String)</Head>
		</Method>
		<Method>
			<Head>public java.lang.String toString()</Head>
		</Method>
		<Method>
			<Head>public int hashCode()</Head>
		</Method>
		<Method>
			<Head>public boolean equals(java.lang.Object)</Head>
		</Method>
	</class>

	<class>
		<Name>PortletModeException</Name>
		<type>class</type>
		<SuperClass>javax.portlet.PortletException</SuperClass>
		<Method>
			<Head>public PortletModeException(java.lang.String,javax.portlet.PortletMode)</Head>
		</Method>
		<Method>
			<Head>public PortletModeException(java.lang.String,java.lang.Throwable,javax.portlet.PortletMode)</Head>
		</Method>
		<Method>
			<Head>public PortletModeException(java.lang.Throwable,javax.portlet.PortletMode)</Head>
		</Method>
		<Method>
			<Head>public javax.portlet.PortletMode getMode()</Head>
		</Method>
	</class>
	
	<class>
		<Name>PortletPreferences</Name>
		<type>interface</type>
		<Method>
			<Head>public boolean isReadOnly(java.lang.String)</Head>
		</Method>
		<Method>
			<Head>public java.lang.String getValue(java.lang.String,java.lang.String)</Head>
		</Method>
		<Method>
			<Head>public java.lang.String[] getValues(java.lang.String,java.lang.String[])</Head>
		</Method>
		<Method>
			<Head>public void setValue(java.lang.String,java.lang.String)</Head>
			<Throws>javax.portlet.ReadOnlyException</Throws>
		</Method>
		<Method>
			<Head>public void setValues(java.lang.String,java.lang.String[])</Head>
			<Throws>javax.portlet.ReadOnlyException</Throws>
		</Method>
		<Method>
			<Head>public java.util.Enumeration getNames()</Head>
		</Method>
		<Method>
			<Head>public java.util.Map getMap()</Head>
		</Method>
		<Method>
			<Head>public void reset(java.lang.String)</Head>
			<Throws>javax.portlet.ReadOnlyException</Throws>
		</Method>
		<Method>
			<Head>public void store()</Head>
			<Throws>java.io.IOException</Throws>
			<Throws>javax.portlet.ValidatorException</Throws>
		</Method>
	</class>
	
	<class>
		<Name>PortletRequest</Name>
		<type>interface</type>
		<Field>public static final java.lang.String USER_INFO</Field>
		<Field>public static final java.lang.String CCPP_PROFILE</Field>
		<Field>public static final java.lang.String BASIC_AUTH</Field>
		<Field>public static final java.lang.String FORM_AUTH</Field>
		<Field>public static final java.lang.String CLIENT_CERT_AUTH</Field>
		<Field>public static final java.lang.String DIGEST_AUTH</Field>
		<Field>public static final java.lang.String ACTION_PHASE</Field>
		<Field>public static final java.lang.String EVENT_PHASE</Field>
		<Field>public static final java.lang.String RENDER_PHASE</Field>
		<Field>public static final java.lang.String RESOURCE_PHASE</Field>
		<Field>public static final java.lang.String LIFECYCLE_PHASE</Field>
		<Field>public static final java.lang.String RENDER_PART</Field>
		<Field>public static final java.lang.String RENDER_HEADERS</Field>
		<Field>public static final java.lang.String RENDER_MARKUP</Field>
		<Field>public static final java.lang.String ACTION_SCOPE_ID</Field>
		<Method>
			<Head>public boolean isWindowStateAllowed(javax.portlet.WindowState)</Head>
		</Method>
		<Method>
			<Head>public boolean isPortletModeAllowed(javax.portlet.PortletMode)</Head>
		</Method>
		<Method>
			<Head>public javax.portlet.PortletMode getPortletMode()</Head>
		</Method>
		<Method>
			<Head>public javax.portlet.WindowState getWindowState()</Head>
		</Method>
		<Method>
			<Head>public javax.portlet.PortletPreferences getPreferences()</Head>
		</Method>
		<Method>
			<Head>public javax.portlet.PortletSession getPortletSession()</Head>
		</Method>
		<Method>
			<Head>public javax.portlet.PortletSession getPortletSession(boolean)</Head>
		</Method>
		<Method>
			<Head>public java.lang.String getProperty(java.lang.String)</Head>
		</Method>
		<Method>
			<Head>public java.util.Enumeration getProperties(java.lang.String)</Head>
		</Method>
		<Method>
			<Head>public java.util.Enumeration getPropertyNames()</Head>
		</Method>
		<Method>
			<Head>public javax.portlet.PortalContext getPortalContext()</Head>
		</Method>
		<Method>
			<Head>public java.lang.String getAuthType()</Head>
		</Method>
		<Method>
			<Head>public java.lang.String getContextPath()</Head>
		</Method>
		<Method>
			<Head>public java.lang.String getRemoteUser()</Head>
		</Method>
		<Method>
			<Head>public java.security.Principal getUserPrincipal()</Head>
		</Method>
		<Method>
			<Head>public boolean isUserInRole(java.lang.String)</Head>
		</Method>
		<Method>
			<Head>public java.lang.Object getAttribute(java.lang.String)</Head>
		</Method>
		<Method>
			<Head>public java.util.Enumeration getAttributeNames()</Head>
		</Method>
		<Method>
			<Head>public java.lang.String getParameter(java.lang.String)</Head>
		</Method>
		<Method>
			<Head>public java.util.Enumeration getParameterNames()</Head>
		</Method>
		<Method>
			<Head>public java.lang.String[] getParameterValues(java.lang.String)</Head>
		</Method>
		<Method>
			<Head>public java.util.Map getParameterMap()</Head>
		</Method>
		<Method>
			<Head>public boolean isSecure()</Head>
		</Method>
		<Method>
			<Head>public void setAttribute(java.lang.String,java.lang.Object)</Head>
		</Method>
		<Method>
			<Head>public void removeAttribute(java.lang.String)</Head>
		</Method>
		<Method>
			<Head>public java.lang.String getRequestedSessionId()</Head>
		</Method>
		<Method>
			<Head>public boolean isRequestedSessionIdValid()</Head>
		</Method>
		<Method>
			<Head>public java.lang.String getResponseContentType()</Head>
		</Method>
		<Method>
			<Head>public java.util.Enumeration getResponseContentTypes()</Head>
		</Method>
		<Method>
			<Head>public java.util.Locale getLocale()</Head>
		</Method>
		<Method>
			<Head>public java.util.Enumeration getLocales()</Head>
		</Method>
		<Method>
			<Head>public java.lang.String getScheme()</Head>
		</Method>
		<Method>
			<Head>public java.lang.String getServerName()</Head>
		</Method>
		<Method>
			<Head>public int getServerPort()</Head>
		</Method>
		<Method>
			<Head>public java.lang.String getWindowID()</Head>
		</Method>
		<Method>
			<Head>public javax.servlet.http.Cookie[] getCookies()</Head>
		</Method>
		<Method>
			<Head>public java.util.Map getPrivateParameterMap()</Head>
		</Method>
		<Method>
			<Head>public java.util.Map getPublicParameterMap()</Head>
		</Method>
	</class>
	
	<class>
		<Name>PortletRequestDispatcher</Name>
		<type>interface</type>
	    <Method>
	    	<Head>public void include(javax.portlet.RenderRequest,javax.portlet.RenderResponse)</Head>
	    	<Throws>javax.portlet.PortletException</Throws>
	    	<Throws>java.io.IOException</Throws>
	    </Method>
	    <Method>
	    	<Head>public void include(javax.portlet.PortletRequest,javax.portlet.PortletResponse)</Head>
	    	<Throws>javax.portlet.PortletException</Throws>
	    	<Throws>java.io.IOException</Throws>
	    </Method>
	    <Method>
	    	<Head>public void forward(javax.portlet.PortletRequest,javax.portlet.PortletResponse)</Head>
	    	<Throws>javax.portlet.PortletException</Throws>
	    	<Throws>java.io.IOException</Throws>
	    </Method>
	</class>

	<class>
		<Name>PortletResponse</Name>
		<type>interface</type>
		<Method>
			<Head>public void addProperty(java.lang.String,java.lang.String)</Head>
		</Method>
		<Method>
			<Head>public void setProperty(java.lang.String,java.lang.String)</Head>
		</Method>
		<Method>
			<Head>public java.lang.String encodeURL(java.lang.String)</Head>
		</Method>
		<Method>
			<Head>public java.lang.String getNamespace()</Head>
		</Method>
		<Method>
			<Head>public void addProperty(javax.servlet.http.Cookie)</Head>
		</Method>
		<Method>
			<Head>public void addProperty(java.lang.String,org.w3c.dom.Element)</Head>
		</Method>
		<Method>
			<Head>public org.w3c.dom.Element createElement(java.lang.String)</Head>
			<Throws>org.w3c.dom.DOMException</Throws>
		</Method>
	</class>

	<class>
		<Name>PortletSecurityException</Name>
		<type>class</type>
		<SuperClass>javax.portlet.PortletException</SuperClass>
		<Method>
			<Head>public PortletSecurityException(java.lang.String)</Head>
		</Method>  
		<Method>
			<Head>public PortletSecurityException(java.lang.String,java.lang.Throwable)</Head>
		</Method>
		<Method>
			<Head>public PortletSecurityException(java.lang.Throwable)</Head>
		</Method>
	</class>

	<class>
		<Name>PortletSession</Name>
		<type>interface</type>
		<Field>public static final int APPLICATION_SCOPE</Field>
		<Field>public static final int PORTLET_SCOPE</Field>
		<Method>
			<Head>public java.lang.Object getAttribute(java.lang.String)</Head>
		</Method>
		<Method>
			<Head>public java.lang.Object getAttribute(java.lang.String,int)</Head>
		</Method>
		<Method>
			<Head>public java.util.Enumeration getAttributeNames()</Head>
		</Method>
		<Method>
			<Head>public java.util.Enumeration getAttributeNames(int)</Head>
		</Method>
		<Method>
			<Head>public long getCreationTime()</Head>
		</Method>
		<Method>
			<Head>public java.lang.String getId()</Head>
		</Method>
		<Method>
			<Head>public long getLastAccessedTime()</Head>
		</Method>
		<Method>
			<Head>public int getMaxInactiveInterval()</Head>
		</Method>
		<Method>
			<Head>public void invalidate()</Head>
		</Method>
		<Method>
			<Head>public boolean isNew()</Head>
		</Method>
		<Method>
			<Head>public void removeAttribute(java.lang.String)</Head>
		</Method>
		<Method>
			<Head>public void removeAttribute(java.lang.String,int)</Head>
		</Method>
		<Method>
			<Head>public void setAttribute(java.lang.String,java.lang.Object)</Head>
		</Method>
		<Method>
			<Head>public void setAttribute(java.lang.String,java.lang.Object,int)</Head>
		</Method>
		<Method>
			<Head>public void setMaxInactiveInterval(int)</Head>
		</Method>
		<Method>
			<Head>public javax.portlet.PortletContext getPortletContext()</Head>
		</Method>
		<Method>
			<Head>public java.util.Map getAttributeMap()</Head>
		</Method>  
		<Method>
			<Head>public java.util.Map getAttributeMap(int)</Head>
		</Method>
	</class>
	
	<class>
		<Name>PortletSessionUtil</Name>
		<type>class</type>
	<Method>
		<Head>public static java.lang.String decodeAttributeName(java.lang.String)</Head>
	</Method>
	<Method>
		<Head>public static int decodeScope(java.lang.String)</Head>
	</Method>
	</class>

	<class>
		<Name>PortletURL</Name>
		<type>interface</type>
		<SuperClass>javax.portlet.BaseURL</SuperClass>
		<Method>
			<Head>public void setWindowState(javax.portlet.WindowState)</Head>
			<Throws>javax.portlet.WindowStateException</Throws>
		</Method>
		<Method>
			<Head>public void setPortletMode(javax.portlet.PortletMode)</Head>
			<Throws>javax.portlet.PortletModeException</Throws>
		</Method>
		<Method>
			<Head>public javax.portlet.PortletMode getPortletMode()</Head>
		</Method>
		<Method>
			<Head>public javax.portlet.WindowState getWindowState()</Head>
		</Method>
		<Method>
			<Head>public void removePublicRenderParameter(java.lang.String)</Head>
		</Method> 
	</class>
	
	<class>
		<Name>ReadOnlyException</Name>
		<type>class</type>
		<SuperClass>javax.portlet.PortletException</SuperClass>
		<Method>
			<Head>public ReadOnlyException(java.lang.String)</Head>
		</Method>
		<Method>
			<Head>public ReadOnlyException(java.lang.String,java.lang.Throwable)</Head>
		</Method>
		<Method>
			<Head>public ReadOnlyException(java.lang.Throwable)</Head>
		</Method>
	</class>

	<class>
		<Name>RenderRequest</Name>
		<type>interface</type>
		<SuperClass>javax.portlet.PortletRequest</SuperClass>
	    <Field>public static final java.lang.String ETAG</Field>
	    <Method>
	    	<Head>public java.lang.String getETag()</Head>
	    </Method>
	</class>

	<class>
		<Name>RenderResponse</Name>
		<type>interface</type>
		<SuperClass>javax.portlet.MimeResponse</SuperClass>
	    <Method>
	    	<Head>public void setTitle(java.lang.String)</Head>
	    </Method>
		<Method>
			<Head>public void setNextPossiblePortletModes(java.util.Collection)</Head>
		</Method>
	    <Method>
	    	<Head>public void setContentType(java.lang.String)</Head>
	    </Method>
	</class>

	<class>
		<Name>ResourceRequest</Name>
		<type>interface</type>
		<SuperClass>javax.portlet.ClientDataRequest</SuperClass>
	    <Field>public static final java.lang.String ETAG</Field>
	    <Method>
	    	<Head>public java.lang.String getETag()</Head>
	    </Method>
	    <Method>
	    	<Head>public java.lang.String getResourceID()</Head>
	    </Method>
	    <Method>
	    	<Head>public java.util.Map getPrivateRenderParameterMap()</Head>
	    </Method>
	    <Method>
	    	<Head>public java.lang.String getResponseContentType()</Head>
	    </Method>
	    <Method>
	    	<Head>public java.util.Enumeration getResponseContentTypes()</Head>
	    </Method>
		<Method>
			<Head>public java.lang.String getCacheability()</Head>
		</Method>
	</class>

	<class>
		<Name>ResourceResponse</Name>
		<type>interface</type>
		<SuperClass>javax.portlet.MimeResponse</SuperClass>
		<Field>public static final java.lang.String HTTP_STATUS_CODE</Field>
	    <Method>
	    	<Head>public void setLocale(java.util.Locale)</Head>
	    </Method>
	    <Method>
	    	<Head>public void setCharacterEncoding(java.lang.String)</Head>
	    </Method>
	    <Method>
	    	<Head>public void setContentLength(int)</Head>
	    </Method>
		<Method>
			<Head>public javax.portlet.PortletURL createRenderURL()</Head>
		</Method>
		<Method>
			<Head>public javax.portlet.PortletURL createActionURL()</Head>
		</Method>
		<Method>
			<Head>public javax.portlet.ResourceURL createResourceURL()</Head>
		</Method>
	</class>
	
	<class>
		<Name>ResourceServingPortlet</Name>
		<type>interface</type>
	    <Method>
	    	<Head>public abstract void serveResource(javax.portlet.ResourceRequest,javax.portlet.ResourceResponse)</Head>
	    	<Throws>javax.portlet.PortletException</Throws>
	    	<Throws>java.io.IOException</Throws>
	    </Method>
	</class>

	<class>
		<Name>ResourceURL</Name>
		<type>interface</type>
		<SuperClass>javax.portlet.BaseURL</SuperClass>
		<Field>public static final java.lang.String FULL</Field>
		<Field>public static final java.lang.String PORTLET</Field>
		<Field>public static final java.lang.String PAGE</Field>
		<Field>public static final java.lang.String SHARED</Field>
		<Method>
			<Head>public void setResourceID(java.lang.String)</Head>
		</Method>
		<Method>
			<Head>public java.lang.String getCacheability()</Head>
		</Method>
		<Method>
			<Head>public void setCacheability(java.lang.String)</Head>
		</Method>
	</class>

	<class>
		<Name>StateAwareResponse</Name>
		<type>interface</type>
		<SuperClass>javax.portlet.PortletResponse</SuperClass>
		<Method>
			<Head>public void setWindowState(javax.portlet.WindowState)</Head>
			<Throws>javax.portlet.WindowStateException</Throws>
		</Method>
		<Method>
			<Head>public void setPortletMode(javax.portlet.PortletMode)</Head>
			<Throws>javax.portlet.PortletModeException</Throws>
		</Method>
		<Method>
			<Head>public void setRenderParameters(java.util.Map)</Head>
		</Method>
		<Method>
			<Head>public void setRenderParameter(java.lang.String,java.lang.String)</Head>
		</Method>
		<Method>
			<Head>public void setRenderParameter(java.lang.String,java.lang.String[])</Head>
		</Method>
		<Method>
			<Head>public void setEvent(javax.xml.namespace.QName,java.io.Serializable)</Head>
		</Method>
		<Method>
			<Head>public void setEvent(java.lang.String,java.io.Serializable)</Head>
		</Method>
		<Method>
			<Head>public java.util.Map getRenderParameterMap()</Head>
		</Method>
		<Method>
			<Head>public javax.portlet.PortletMode getPortletMode()</Head>
		</Method>
		<Method>
			<Head>public javax.portlet.WindowState getWindowState()</Head>
		</Method>
		<Method>
			<Head>public void removePublicRenderParameter(java.lang.String)</Head>
		</Method>
	</class>

	<class>
		<Name>UnavailableException</Name>
		<type>class</type>
		<SuperClass>javax.portlet.PortletException</SuperClass>
	    <Method>
	    	<Head>public UnavailableException(java.lang.String)</Head>
	    </Method>
	    <Method>
	    	<Head>public UnavailableException(java.lang.String,int)</Head>
	    </Method>
	    <Method>
	    	<Head>public boolean isPermanent()</Head>
	    </Method>
		<Method>
			<Head>public int getUnavailableSeconds()</Head>
		</Method>
	</class>

	<class>
		<Name>ValidatorException</Name>
		<type>class</type>
		<SuperClass>javax.portlet.PortletException</SuperClass>
		<Method>
			<Head>public ValidatorException(java.lang.String,java.util.Collection)</Head>
		</Method>
		<Method>
			<Head>public ValidatorException(java.lang.String,java.lang.Throwable,java.util.Collection)</Head>
		</Method>
		<Method>
			<Head>public ValidatorException(java.lang.Throwable,java.util.Collection)</Head>
		</Method>
		<Method>
			<Head>public java.util.Enumeration getFailedKeys()</Head>
		</Method>
	</class>

	<class>
		<Name>WindowState</Name>
		<type>class</type>
		<Field>public static final javax.portlet.WindowState.NORMAL</Field>
		<Field>public static final javax.portlet.WindowState.MAXIMIZED</Field>
		<Field>public static final javax.portlet.WindowState.MINIMIZED</Field>
		<Method>
			<Head>public WindowState(java.lang.String)</Head>
		</Method>
		<Method>
			<Head>public java.lang.String toString()</Head>
		</Method>
		<Method>
			<Head>public int hashCode()</Head>
		</Method>
		<Method>
			<Head>public boolean equals(java.lang.Object)</Head>
		</Method>
	</class>

	<class>
		<Name>WindowStateException</Name>
		<type>class</type>
		<SuperClass>javax.portlet.PortletException</SuperClass>
		<Method>
			<Head>public WindowStateException(java.lang.String,javax.portlet.WindowState)</Head>
		</Method>
		<Method>
			<Head>public WindowStateException(java.lang.String,java.lang.Throwable,javax.portlet.WindowState)</Head>
		</Method>
		<Method>
			<Head>public WindowStateException(java.lang.Throwable,javax.portlet.WindowState)</Head>
		</Method>
		<Method>
			<Head>public javax.portlet.WindowState getState()</Head>
		</Method>
	</class>
	
	<class>
		<Name>ActionFilter</Name>
		<type>interface</type>
		<implements>javax.portlet.filter.PortletFilter</implements>
	    <Method>
	    	<Head>public abstract void doFilter(javax.portlet.ActionRequest,javax.portlet.ActionResponse,javax.portlet.filter.FilterChain)</Head>
	    	<Throws>java.io.IOException</Throws>
	    	<Throws>javax.portlet.PortletException</Throws>
	    </Method>
	</class>
    
    <class>
		<Name>EventFilter</Name>
		<type>interface</type>
		<implements>javax.portlet.filter.PortletFilter</implements>
        <Method>
        	<Head>public abstract void doFilter(javax.portlet.EventRequest,javax.portlet.EventResponse,javax.portlet.filter.FilterChain)</Head>
        	<Throws>java.io.IOException</Throws>
        	<Throws>javax.portlet.PortletException</Throws>
        </Method>
    </class>
    
    <class>
		<Name>FilterChain</Name>
		<type>interface</type>
     	<Method>
     		<Head>public void doFilter(javax.portlet.ActionRequest,javax.portlet.ActionResponse)</Head>
     		<Throws>java.io.IOException</Throws>
     		<Throws>javax.portlet.PortletException</Throws>
     	</Method>
		<Method>
			<Head>public void doFilter(javax.portlet.EventRequest,javax.portlet.EventResponse)</Head>
			<Throws>java.io.IOException</Throws>
			<Throws>javax.portlet.PortletException</Throws>
		</Method>
		<Method>
			<Head>public void doFilter(javax.portlet.RenderRequest,javax.portlet.RenderResponse)</Head>
			<Throws>java.io.IOException</Throws>
			<Throws>javax.portlet.PortletException</Throws>
		</Method>
     	<Method>
     		<Head>public void doFilter(javax.portlet.ResourceRequest,javax.portlet.ResourceResponse)</Head>
     		<Throws>java.io.IOException</Throws>
     		<Throws>javax.portlet.PortletException</Throws>
     	</Method>
	</class>
	
	<class>
		<Name>FilterConfig</Name>
		<type>interface</type>
		<Method>
			<Head>public java.lang.String getFilterName()</Head>
		</Method>
		<Method>
			<Head>public javax.portlet.PortletContext getPortletContext()</Head>
		</Method>
		<Method>
			<Head>public java.lang.String getInitParameter(java.lang.String)</Head>
		</Method>
		<Method>
			<Head>public java.util.Enumeration getInitParameterNames()</Head>
		</Method>
	</class>

	<class>
		<Name>PortletFilter</Name>
		<type>interface</type>
      	<Method>
      		<Head>public abstract void init(javax.portlet.filter.FilterConfig)</Head>
      		<Throws>javax.portlet.PortletException</Throws>
      	</Method>
		<Method>
			<Head>public abstract void destroy()</Head>
		</Method>
	</class>
      
	<class>
		<Name>RenderFilter</Name>
		<type>interface</type>
		<implements>javax.portlet.filter.PortletFilter</implements>
		<Method>
			<Head>public abstract void doFilter(javax.portlet.RenderRequest,javax.portlet.RenderResponse,javax.portlet.filter.FilterChain)</Head>
			<Throws>java.io.IOException</Throws>
			<Throws>javax.portlet.PortletException</Throws>
		</Method>
	</class>
	
	<class>
		<Name>ResourceFilter</Name>
		<type>interface</type>
		<implements>javax.portlet.filter.PortletFilter</implements>
		<Method>
			<Head>public abstract void doFilter(javax.portlet.ResourceRequest,javax.portlet.ResourceResponse,javax.portlet.filter.FilterChain)</Head>
			<Throws>java.io.IOException</Throws>
			<Throws>javax.portlet.PortletException</Throws>
		</Method>
	</class>
	
</javax.portlet>


