<?xml version="1.0" encoding="UTF-8"?>

<portlet-app id="portlet_jp_WindowStateException_web"
xmlns="http://java.sun.com/xml/ns/portlet/portlet-app_1_0.xsd" version="1.0"
xmlns:xsi="http://www.w3.org/2001/XMLSchema-instance"
xsi:schemaLocation="http://java.sun.com/xml/ns/portlet/portlet-app_1_0.xsd http://java.sun.com/xml/ns/portlet/portlet-app_1_0.xsd">





    <!-- *************************************************************** -->
    <!-- *                                                             * -->
    <!-- * Portlet Application specific                                * -->
    <!-- *                                                             * -->
    <!-- *************************************************************** -->
    
    
    
    <!-- *************************************************************** -->
    <!-- *                                                             * -->
    <!-- * Portlet:WindowStateExceptionCtr1TestPortlet  			   * -->
    <!-- *                                                             * -->
    <!-- *************************************************************** -->
  	<portlet>
    	<portlet-name>WindowStateExceptionCtr1TestPortlet</portlet-name>
    	<portlet-class>com.sun.ts.tests.portlet.api.javax_portlet.WindowStateException.WindowStateExceptionCtr1TestPortlet</portlet-class>
        <expiration-cache>0</expiration-cache>
       <supports>
         <mime-type>text/html</mime-type>
       </supports>
         <portlet-info>
            <title>WindowStateExceptionCtr1TestPortlet</title>
            <short-title>WindowStateExceptionCtr1TestPortlet</short-title>
          </portlet-info>
  	</portlet>

    <!-- *************************************************************** -->
    <!-- *                                                             * -->
    <!-- * Portlet:WindowStateExceptionCtr2TestPortlet  			   * -->
    <!-- *                                                             * -->
    <!-- *************************************************************** -->
  	<portlet>
    	<portlet-name>WindowStateExceptionCtr2TestPortlet</portlet-name>
    	<portlet-class>com.sun.ts.tests.portlet.api.javax_portlet.WindowStateException.WindowStateExceptionCtr2TestPortlet</portlet-class>
        <expiration-cache>0</expiration-cache>
       <supports>
         <mime-type>text/html</mime-type>
       </supports>
         <portlet-info>
            <title>WindowStateExceptionCtr2TestPortlet</title>
            <short-title>WindowStateExceptionCtr2TestPortlet</short-title>
          </portlet-info>
  	</portlet>

    <!-- *************************************************************** -->
    <!-- *                                                             * -->
    <!-- * Portlet:WindowStateExceptionCtr3TestPortlet  			   * -->
    <!-- *                                                             * -->
    <!-- *************************************************************** -->
  	<portlet>
    	<portlet-name>WindowStateExceptionCtr3TestPortlet</portlet-name>
    	<portlet-class>com.sun.ts.tests.portlet.api.javax_portlet.WindowStateException.WindowStateExceptionCtr3TestPortlet</portlet-class>
        <expiration-cache>0</expiration-cache>
       <supports>
         <mime-type>text/html</mime-type>
       </supports>
         <portlet-info>
            <title>WindowStateExceptionCtr3TestPortlet</title>
            <short-title>WindowStateExceptionCtr3TestPortlet</short-title>
          </portlet-info>
  	</portlet>

</portlet-app>
